[{"model": "contenttypes.contenttype", "pk": 1, "fields": {"app_label": "admin", "model": "logentry"}}, {"model": "contenttypes.contenttype", "pk": 2, "fields": {"app_label": "auth", "model": "permission"}}, {"model": "contenttypes.contenttype", "pk": 3, "fields": {"app_label": "auth", "model": "user"}}, {"model": "contenttypes.contenttype", "pk": 4, "fields": {"app_label": "auth", "model": "group"}}, {"model": "contenttypes.contenttype", "pk": 5, "fields": {"app_label": "contenttypes", "model": "contenttype"}}, {"model": "contenttypes.contenttype", "pk": 6, "fields": {"app_label": "sessions", "model": "session"}}, {"model": "contenttypes.contenttype", "pk": 7, "fields": {"app_label": "schools", "model": "school"}}, {"model": "contenttypes.contenttype", "pk": 8, "fields": {"app_label": "classes", "model": "class"}}, {"model": "contenttypes.contenttype", "pk": 9, "fields": {"app_label": "teachers", "model": "teacher"}}, {"model": "contenttypes.contenttype", "pk": 10, "fields": {"app_label": "students", "model": "student"}}, {"model": "contenttypes.contenttype", "pk": 11, "fields": {"app_label": "attendance", "model": "attendance"}}, {"model": "contenttypes.contenttype", "pk": 12, "fields": {"app_label": "attendance", "model": "attendancecalendar"}}, {"model": "contenttypes.contenttype", "pk": 13, "fields": {"app_label": "attendance", "model": "nonscheduledholidays"}}, {"model": "sessions.session", "pk": "0vkrxp2t65102sb5gedljajpeqlfxkdg", "fields": {"session_data": "NmM5OTRmMDRmODBiMzQyNGExYzdkMTAwMzZhY2IwNDYxOTUxNTc4Zjp7Il9hdXRoX3VzZXJfaGFzaCI6IjI1YTkzNTU1NDg2YjRmNGIyZjc3YzRhNzc3MTgzZmIwYmExMWIxMzkiLCJfYXV0aF91c2VyX2JhY2tlbmQiOiJkamFuZ28uY29udHJpYi5hdXRoLmJhY2tlbmRzLk1vZGVsQmFja2VuZCIsIl9hdXRoX3VzZXJfaWQiOiIyIn0=", "expire_date": "2017-01-16T23:16:37.786Z"}}, {"model": "sessions.session", "pk": "2sso1wokjasneejb30xe70r88avd9izo", "fields": {"session_data": "OGEzNjcyMzM2NzZhZjM4NjZmOTgxMzYwNjMzN2Y2YWFlMmZjN2FiYTp7Il9hdXRoX3VzZXJfaGFzaCI6IjZjOTI0NGYzM2JlN2Q5ZDEyNDM3MWRlOGNlYWNjZTViNDAwYmIyOTEiLCJfYXV0aF91c2VyX2JhY2tlbmQiOiJkamFuZ28uY29udHJpYi5hdXRoLmJhY2tlbmRzLk1vZGVsQmFja2VuZCIsIl9hdXRoX3VzZXJfaWQiOiIxIn0=", "expire_date": "2017-01-13T20:56:34.131Z"}}, {"model": "sessions.session", "pk": "5jdzrbgjku9z1knq09nnc0m1pryfz0dj", "fields": {"session_data": "NmM5OTRmMDRmODBiMzQyNGExYzdkMTAwMzZhY2IwNDYxOTUxNTc4Zjp7Il9hdXRoX3VzZXJfaGFzaCI6IjI1YTkzNTU1NDg2YjRmNGIyZjc3YzRhNzc3MTgzZmIwYmExMWIxMzkiLCJfYXV0aF91c2VyX2JhY2tlbmQiOiJkamFuZ28uY29udHJpYi5hdXRoLmJhY2tlbmRzLk1vZGVsQmFja2VuZCIsIl9hdXRoX3VzZXJfaWQiOiIyIn0=", "expire_date": "2017-01-28T12:48:44.927Z"}}, {"model": "sessions.session", "pk": "7759ews5uumxcms9e53xg3m1krgxd34e", "fields": {"session_data": "ODE4NGY4MzdmYTIxNzdlY2MyYTIzZDkzMTcxNmFmMDAwNTFlYTc3OTp7Il9hdXRoX3VzZXJfaGFzaCI6IjlmNWI0MWIyZGUwNWFjN2JiZjBhYjYzNGZjMDU3MTE5YTY0Mzk5OGIiLCJfYXV0aF91c2VyX2JhY2tlbmQiOiJkamFuZ28uY29udHJpYi5hdXRoLmJhY2tlbmRzLk1vZGVsQmFja2VuZCIsIl9hdXRoX3VzZXJfaWQiOiIzIn0=", "expire_date": "2017-01-17T18:08:35.604Z"}}, {"model": "sessions.session", "pk": "b8d10gelxbztzcrx4m8qlpo6fergmt07", "fields": {"session_data": "NmM5OTRmMDRmODBiMzQyNGExYzdkMTAwMzZhY2IwNDYxOTUxNTc4Zjp7Il9hdXRoX3VzZXJfaGFzaCI6IjI1YTkzNTU1NDg2YjRmNGIyZjc3YzRhNzc3MTgzZmIwYmExMWIxMzkiLCJfYXV0aF91c2VyX2JhY2tlbmQiOiJkamFuZ28uY29udHJpYi5hdXRoLmJhY2tlbmRzLk1vZGVsQmFja2VuZCIsIl9hdXRoX3VzZXJfaWQiOiIyIn0=", "expire_date": "2017-01-28T17:38:21.582Z"}}, {"model": "sessions.session", "pk": "c26m188gz0mbtbkchjgx06w23u21oera", "fields": {"session_data": "NjQ0ZjkxMGMyYzk3MDk1ZjkzOWM5NDUzYTc3YTEzMDc4YWI3YzlmZjp7fQ==", "expire_date": "2017-01-16T19:31:30.251Z"}}, {"model": "sessions.session", "pk": "ciutri530y3th69avfujahy1zbsa0ugf", "fields": {"session_data": "NmM5OTRmMDRmODBiMzQyNGExYzdkMTAwMzZhY2IwNDYxOTUxNTc4Zjp7Il9hdXRoX3VzZXJfaGFzaCI6IjI1YTkzNTU1NDg2YjRmNGIyZjc3YzRhNzc3MTgzZmIwYmExMWIxMzkiLCJfYXV0aF91c2VyX2JhY2tlbmQiOiJkamFuZ28uY29udHJpYi5hdXRoLmJhY2tlbmRzLk1vZGVsQmFja2VuZCIsIl9hdXRoX3VzZXJfaWQiOiIyIn0=", "expire_date": "2017-01-20T03:41:30.302Z"}}, {"model": "sessions.session", "pk": "etgv4ri1yt9at6pxrv7hkh69kj5gsxbn", "fields": {"session_data": "NmM5OTRmMDRmODBiMzQyNGExYzdkMTAwMzZhY2IwNDYxOTUxNTc4Zjp7Il9hdXRoX3VzZXJfaGFzaCI6IjI1YTkzNTU1NDg2YjRmNGIyZjc3YzRhNzc3MTgzZmIwYmExMWIxMzkiLCJfYXV0aF91c2VyX2JhY2tlbmQiOiJkamFuZ28uY29udHJpYi5hdXRoLmJhY2tlbmRzLk1vZGVsQmFja2VuZCIsIl9hdXRoX3VzZXJfaWQiOiIyIn0=", "expire_date": "2017-01-30T13:33:23.810Z"}}, {"model": "sessions.session", "pk": "f82k5i1hzoqqm544p2zlv7v4wa72sgn9", "fields": {"session_data": "Zjg5MmFkMWY1MDAyYzMyZjY5NDUzNjE0ZTJiZmRhMjg1N2QwYjAzMTp7Il9hdXRoX3VzZXJfaGFzaCI6ImQxNDg4MDQwMTFhMmZhYTYyOTBkNjQxYTljZjc0NWQ4NDc1MTM0ZTQiLCJfYXV0aF91c2VyX2JhY2tlbmQiOiJkamFuZ28uY29udHJpYi5hdXRoLmJhY2tlbmRzLk1vZGVsQmFja2VuZCIsIl9hdXRoX3VzZXJfaWQiOiI0In0=", "expire_date": "2017-01-17T18:39:58.243Z"}}, {"model": "sessions.session", "pk": "fki2a3ts1ybhda0f4glslmlvw7qy0046", "fields": {"session_data": "NmM5OTRmMDRmODBiMzQyNGExYzdkMTAwMzZhY2IwNDYxOTUxNTc4Zjp7Il9hdXRoX3VzZXJfaGFzaCI6IjI1YTkzNTU1NDg2YjRmNGIyZjc3YzRhNzc3MTgzZmIwYmExMWIxMzkiLCJfYXV0aF91c2VyX2JhY2tlbmQiOiJkamFuZ28uY29udHJpYi5hdXRoLmJhY2tlbmRzLk1vZGVsQmFja2VuZCIsIl9hdXRoX3VzZXJfaWQiOiIyIn0=", "expire_date": "2017-01-30T18:14:10.858Z"}}, {"model": "sessions.session", "pk": "i02mf6dwbktgbb5xo2enbwcx5k5grqtq", "fields": {"session_data": "NmM5OTRmMDRmODBiMzQyNGExYzdkMTAwMzZhY2IwNDYxOTUxNTc4Zjp7Il9hdXRoX3VzZXJfaGFzaCI6IjI1YTkzNTU1NDg2YjRmNGIyZjc3YzRhNzc3MTgzZmIwYmExMWIxMzkiLCJfYXV0aF91c2VyX2JhY2tlbmQiOiJkamFuZ28uY29udHJpYi5hdXRoLmJhY2tlbmRzLk1vZGVsQmFja2VuZCIsIl9hdXRoX3VzZXJfaWQiOiIyIn0=", "expire_date": "2017-01-27T19:05:20.674Z"}}, {"model": "sessions.session", "pk": "i0n61mwrru5a90uec7tf23pbdycddy2b", "fields": {"session_data": "NmM5OTRmMDRmODBiMzQyNGExYzdkMTAwMzZhY2IwNDYxOTUxNTc4Zjp7Il9hdXRoX3VzZXJfaGFzaCI6IjI1YTkzNTU1NDg2YjRmNGIyZjc3YzRhNzc3MTgzZmIwYmExMWIxMzkiLCJfYXV0aF91c2VyX2JhY2tlbmQiOiJkamFuZ28uY29udHJpYi5hdXRoLmJhY2tlbmRzLk1vZGVsQmFja2VuZCIsIl9hdXRoX3VzZXJfaWQiOiIyIn0=", "expire_date": "2017-01-30T16:59:34.689Z"}}, {"model": "sessions.session", "pk": "jqnfhgp0d8sqxbsz7hdbgzwklqcwgzhs", "fields": {"session_data": "NmM5OTRmMDRmODBiMzQyNGExYzdkMTAwMzZhY2IwNDYxOTUxNTc4Zjp7Il9hdXRoX3VzZXJfaGFzaCI6IjI1YTkzNTU1NDg2YjRmNGIyZjc3YzRhNzc3MTgzZmIwYmExMWIxMzkiLCJfYXV0aF91c2VyX2JhY2tlbmQiOiJkamFuZ28uY29udHJpYi5hdXRoLmJhY2tlbmRzLk1vZGVsQmFja2VuZCIsIl9hdXRoX3VzZXJfaWQiOiIyIn0=", "expire_date": "2017-01-19T21:32:40.375Z"}}, {"model": "sessions.session", "pk": "kjpc0vgko8j1pn8ohc5du52jd6pwzuqo", "fields": {"session_data": "NmM5OTRmMDRmODBiMzQyNGExYzdkMTAwMzZhY2IwNDYxOTUxNTc4Zjp7Il9hdXRoX3VzZXJfaGFzaCI6IjI1YTkzNTU1NDg2YjRmNGIyZjc3YzRhNzc3MTgzZmIwYmExMWIxMzkiLCJfYXV0aF91c2VyX2JhY2tlbmQiOiJkamFuZ28uY29udHJpYi5hdXRoLmJhY2tlbmRzLk1vZGVsQmFja2VuZCIsIl9hdXRoX3VzZXJfaWQiOiIyIn0=", "expire_date": "2017-01-29T01:21:49.197Z"}}, {"model": "sessions.session", "pk": "p3d9gza3nt25qjv2dpg6cfbp3rudqsw8", "fields": {"session_data": "ODE4NGY4MzdmYTIxNzdlY2MyYTIzZDkzMTcxNmFmMDAwNTFlYTc3OTp7Il9hdXRoX3VzZXJfaGFzaCI6IjlmNWI0MWIyZGUwNWFjN2JiZjBhYjYzNGZjMDU3MTE5YTY0Mzk5OGIiLCJfYXV0aF91c2VyX2JhY2tlbmQiOiJkamFuZ28uY29udHJpYi5hdXRoLmJhY2tlbmRzLk1vZGVsQmFja2VuZCIsIl9hdXRoX3VzZXJfaWQiOiIzIn0=", "expire_date": "2017-01-17T19:03:59.381Z"}}, {"model": "sessions.session", "pk": "uod4jrypm5o4modbedp9gjmvf0crftc5", "fields": {"session_data": "NjQ0ZjkxMGMyYzk3MDk1ZjkzOWM5NDUzYTc3YTEzMDc4YWI3YzlmZjp7fQ==", "expire_date": "2017-01-16T19:30:54.374Z"}}, {"model": "sessions.session", "pk": "wqdb7b5mv26l93mqt9lle39u1dfknhiv", "fields": {"session_data": "NmM5OTRmMDRmODBiMzQyNGExYzdkMTAwMzZhY2IwNDYxOTUxNTc4Zjp7Il9hdXRoX3VzZXJfaGFzaCI6IjI1YTkzNTU1NDg2YjRmNGIyZjc3YzRhNzc3MTgzZmIwYmExMWIxMzkiLCJfYXV0aF91c2VyX2JhY2tlbmQiOiJkamFuZ28uY29udHJpYi5hdXRoLmJhY2tlbmRzLk1vZGVsQmFja2VuZCIsIl9hdXRoX3VzZXJfaWQiOiIyIn0=", "expire_date": "2017-01-16T23:55:28.122Z"}}, {"model": "sessions.session", "pk": "ytfg8z9naxjv77iptn7q23oxizayqigr", "fields": {"session_data": "NmM5OTRmMDRmODBiMzQyNGExYzdkMTAwMzZhY2IwNDYxOTUxNTc4Zjp7Il9hdXRoX3VzZXJfaGFzaCI6IjI1YTkzNTU1NDg2YjRmNGIyZjc3YzRhNzc3MTgzZmIwYmExMWIxMzkiLCJfYXV0aF91c2VyX2JhY2tlbmQiOiJkamFuZ28uY29udHJpYi5hdXRoLmJhY2tlbmRzLk1vZGVsQmFja2VuZCIsIl9hdXRoX3VzZXJfaWQiOiIyIn0=", "expire_date": "2017-01-17T16:59:05.003Z"}}, {"model": "schools.school", "pk": 1, "fields": {"school_name": "PK3 - morning", "shift": "morning", "school_address": "F-11/4", "city": "Islamabad", "date_opened": "2004-01-30"}}, {"model": "schools.school", "pk": 3, "fields": {"school_name": "PK2 - morning", "shift": "morning", "school_address": "something", "city": "Islamabad", "date_opened": "2012-01-03"}}, {"model": "schools.school", "pk": 4, "fields": {"school_name": "PK4 - morning", "shift": "morning", "school_address": "something something", "city": "islamabad", "date_opened": "2015-01-05"}}, {"model": "schools.school", "pk": 5, "fields": {"school_name": "PK8 - morning", "shift": "morning", "school_address": "something something", "city": "somehere in lhr", "date_opened": "2013-05-12"}}, {"model": "classes.class", "pk": 1, "fields": {"school": 1, "class_name": "Class 3", "section": "A", "school_class_section": "PK3 - morning_Class 3_A", "teacher": 3}}, {"model": "classes.class", "pk": 4, "fields": {"school": 1, "class_name": "Play Group", "section": "A", "school_class_section": "PK3 - morning_Play Group_A", "teacher": 3}}, {"model": "classes.class", "pk": 5, "fields": {"school": 1, "class_name": "Nursery", "section": "B", "school_class_section": "PK8 - morning_Nursery_B", "teacher": 3}}, {"model": "classes.class", "pk": 6, "fields": {"school": 3, "class_name": "M1", "section": "A", "school_class_section": "PK2 - morning_M1_A", "teacher": 4}}, {"model": "classes.class", "pk": 7, "fields": {"school": 3, "class_name": "M2", "section": "A", "school_class_section": "PK2 - morning_M2_A", "teacher": 4}}, {"model": "classes.class", "pk": 8, "fields": {"school": 4, "class_name": "Class 3", "section": "A", "school_class_section": "PK4 - morning_Class 3_A", "teacher": 1}}, {"model": "classes.class", "pk": 9, "fields": {"school": 4, "class_name": "Class 4", "section": "A", "school_class_section": "PK4 - morning_Class 4_A", "teacher": 4}}, {"model": "classes.class", "pk": 10, "fields": {"school": 3, "class_name": "Class 3", "section": "A", "school_class_section": "PK2 - morning_Class 3_A", "teacher": 4}}, {"model": "classes.class", "pk": 11, "fields": {"school": 5, "class_name": "Class 3", "section": "A", "school_class_section": "PK8 - morning_Class 3_A", "teacher": 6}}, {"model": "classes.class", "pk": 12, "fields": {"school": 5, "class_name": "Class 4", "section": "A", "school_class_section": "PK8 - morning_Class 4_A", "teacher": 6}}, {"model": "students.student", "pk": 1, "fields": {"registration_number": 221, "first_name": "aab", "last_name": "ccd", "gender": "male", "date_of_birth": "1986-12-30", "place_of_birth": "", "fathers_name": "", "mothers_name": "", "address_current": "", "address_origin": "", "contact_number": "", "emergency_contact_number": "", "date_joined": "2016-12-30", "pkss_school": 1, "pkss_class": 1, "enrollment_notes": "", "fee_concession_percent": 210, "currently_enrolled": true, "date_left": null, "reason_left": null}}, {"model": "students.student", "pk": 2, "fields": {"registration_number": 221, "first_name": "johnny", "last_name": "depp", "gender": "male", "date_of_birth": "2005-12-30", "place_of_birth": "", "fathers_name": "", "mothers_name": "", "address_current": "", "address_origin": "", "contact_number": "", "emergency_contact_number": "", "date_joined": "2005-12-30", "pkss_school": 1, "pkss_class": 1, "enrollment_notes": "", "fee_concession_percent": null, "currently_enrolled": true, "date_left": null, "reason_left": null}}, {"model": "students.student", "pk": 3, "fields": {"registration_number": 221, "first_name": "jane", "last_name": "doe", "gender": "female", "date_of_birth": "2016-12-30", "place_of_birth": "", "fathers_name": "", "mothers_name": "", "address_current": "", "address_origin": "", "contact_number": "", "emergency_contact_number": "", "date_joined": "2002-01-30", "pkss_school": 1, "pkss_class": 1, "enrollment_notes": "", "fee_concession_percent": null, "currently_enrolled": true, "date_left": null, "reason_left": null}}, {"model": "students.student", "pk": 5, "fields": {"registration_number": 221, "first_name": "beyonce", "last_name": "know", "gender": "female", "date_of_birth": "1995-01-01", "place_of_birth": "", "fathers_name": "", "mothers_name": "", "address_current": "", "address_origin": "", "contact_number": "", "emergency_contact_number": "", "date_joined": "2017-01-01", "pkss_school": 1, "pkss_class": 1, "enrollment_notes": "", "fee_concession_percent": null, "currently_enrolled": true, "date_left": null, "reason_left": null}}, {"model": "students.student", "pk": 6, "fields": {"registration_number": 221, "first_name": "new", "last_name": "Stud", "gender": "male", "date_of_birth": "2017-01-02", "place_of_birth": "", "fathers_name": "", "mothers_name": "", "address_current": "", "address_origin": "", "contact_number": "", "emergency_contact_number": "", "date_joined": "2017-01-02", "pkss_school": 1, "pkss_class": 4, "enrollment_notes": "", "fee_concession_percent": null, "currently_enrolled": true, "date_left": null, "reason_left": null}}, {"model": "students.student", "pk": 7, "fields": {"registration_number": 221, "first_name": "meow", "last_name": "cat", "gender": "male", "date_of_birth": "2017-01-02", "place_of_birth": "", "fathers_name": "", "mothers_name": "", "address_current": "", "address_origin": "", "contact_number": "", "emergency_contact_number": "", "date_joined": "2017-01-02", "pkss_school": 1, "pkss_class": 4, "enrollment_notes": "", "fee_concession_percent": null, "currently_enrolled": true, "date_left": null, "reason_left": null}}, {"model": "students.student", "pk": 8, "fields": {"registration_number": 221, "first_name": "john", "last_name": "snow", "gender": "male", "date_of_birth": "2010-01-03", "place_of_birth": "", "fathers_name": "", "mothers_name": "", "address_current": "", "address_origin": "", "contact_number": "", "emergency_contact_number": "", "date_joined": "2011-01-03", "pkss_school": 1, "pkss_class": 4, "enrollment_notes": "", "fee_concession_percent": null, "currently_enrolled": true, "date_left": null, "reason_left": null}}, {"model": "students.student", "pk": 9, "fields": {"registration_number": 221, "first_name": "student", "last_name": "one", "gender": "male", "date_of_birth": "2017-01-03", "place_of_birth": "", "fathers_name": "", "mothers_name": "", "address_current": "", "address_origin": "", "contact_number": "", "emergency_contact_number": "", "date_joined": "2017-01-03", "pkss_school": 3, "pkss_class": 6, "enrollment_notes": "", "fee_concession_percent": null, "currently_enrolled": true, "date_left": null, "reason_left": null}}, {"model": "students.student", "pk": 10, "fields": {"registration_number": 221, "first_name": "student", "last_name": "two", "gender": "female", "date_of_birth": "2017-01-03", "place_of_birth": "", "fathers_name": "", "mothers_name": "", "address_current": "", "address_origin": "", "contact_number": "", "emergency_contact_number": "", "date_joined": "2017-01-03", "pkss_school": 3, "pkss_class": 6, "enrollment_notes": "", "fee_concession_percent": null, "currently_enrolled": true, "date_left": null, "reason_left": null}}, {"model": "students.student", "pk": 11, "fields": {"registration_number": 221, "first_name": "student", "last_name": "three", "gender": "male", "date_of_birth": "2017-01-03", "place_of_birth": "", "fathers_name": "", "mothers_name": "", "address_current": "", "address_origin": "", "contact_number": "", "emergency_contact_number": "", "date_joined": "2017-01-03", "pkss_school": 3, "pkss_class": 6, "enrollment_notes": "", "fee_concession_percent": null, "currently_enrolled": true, "date_left": null, "reason_left": null}}, {"model": "students.student", "pk": 12, "fields": {"registration_number": 221, "first_name": "student", "last_name": "four", "gender": "male", "date_of_birth": "2017-01-03", "place_of_birth": "", "fathers_name": "", "mothers_name": "", "address_current": "", "address_origin": "", "contact_number": "", "emergency_contact_number": "", "date_joined": "2017-01-03", "pkss_school": 3, "pkss_class": 7, "enrollment_notes": "", "fee_concession_percent": null, "currently_enrolled": true, "date_left": null, "reason_left": null}}, {"model": "students.student", "pk": 13, "fields": {"registration_number": 221, "first_name": "student", "last_name": "five", "gender": "female", "date_of_birth": "2017-01-03", "place_of_birth": "", "fathers_name": "", "mothers_name": "", "address_current": "", "address_origin": "", "contact_number": "", "emergency_contact_number": "", "date_joined": "2017-01-03", "pkss_school": 3, "pkss_class": 7, "enrollment_notes": "", "fee_concession_percent": null, "currently_enrolled": true, "date_left": null, "reason_left": null}}, {"model": "students.student", "pk": 14, "fields": {"registration_number": 221, "first_name": "garfield", "last_name": "cat", "gender": "male", "date_of_birth": "2017-01-05", "place_of_birth": "", "fathers_name": "", "mothers_name": "", "address_current": "", "address_origin": "", "contact_number": "", "emergency_contact_number": "", "date_joined": "2017-01-05", "pkss_school": 4, "pkss_class": 8, "enrollment_notes": "", "fee_concession_percent": null, "currently_enrolled": true, "date_left": null, "reason_left": null}}, {"model": "students.student", "pk": 15, "fields": {"registration_number": 221, "first_name": "super", "last_name": "man", "gender": "male", "date_of_birth": "2017-01-05", "place_of_birth": "", "fathers_name": "", "mothers_name": "", "address_current": "", "address_origin": "", "contact_number": "", "emergency_contact_number": "", "date_joined": "2017-01-05", "pkss_school": 4, "pkss_class": 9, "enrollment_notes": "", "fee_concession_percent": null, "currently_enrolled": true, "date_left": null, "reason_left": null}}, {"model": "students.student", "pk": 16, "fields": {"registration_number": 221, "first_name": "cat", "last_name": "woman", "gender": "female", "date_of_birth": "2017-01-05", "place_of_birth": "", "fathers_name": "", "mothers_name": "", "address_current": "", "address_origin": "", "contact_number": "", "emergency_contact_number": "", "date_joined": "2013-01-05", "pkss_school": 4, "pkss_class": 9, "enrollment_notes": "", "fee_concession_percent": null, "currently_enrolled": true, "date_left": null, "reason_left": null}}, {"model": "students.student", "pk": 17, "fields": {"registration_number": 221, "first_name": "bat", "last_name": "man", "gender": "male", "date_of_birth": "2017-01-05", "place_of_birth": "", "fathers_name": "", "mothers_name": "", "address_current": "", "address_origin": "", "contact_number": "", "emergency_contact_number": "", "date_joined": "2017-01-05", "pkss_school": 4, "pkss_class": 8, "enrollment_notes": "", "fee_concession_percent": null, "currently_enrolled": false, "date_left": null, "reason_left": null}}, {"model": "students.student", "pk": 18, "fields": {"registration_number": 3003, "first_name": "hillary", "last_name": "clinton", "gender": "female", "date_of_birth": "1956-01-14", "place_of_birth": "", "fathers_name": "", "mothers_name": "", "address_current": "", "address_origin": "", "contact_number": "", "emergency_contact_number": "", "date_joined": "2015-03-14", "pkss_school": 5, "pkss_class": 11, "enrollment_notes": "", "fee_concession_percent": null, "currently_enrolled": true, "date_left": null, "reason_left": null}}, {"model": "students.student", "pk": 19, "fields": {"registration_number": 3007, "first_name": "barack", "last_name": "obama", "gender": "male", "date_of_birth": "1990-02-12", "place_of_birth": "", "fathers_name": "", "mothers_name": "", "address_current": "", "address_origin": "", "contact_number": "", "emergency_contact_number": "", "date_joined": "2012-01-14", "pkss_school": 5, "pkss_class": 12, "enrollment_notes": "", "fee_concession_percent": null, "currently_enrolled": true, "date_left": null, "reason_left": null}}, {"model": "students.student", "pk": 20, "fields": {"registration_number": 5000, "first_name": "john", "last_name": "door", "gender": "male", "date_of_birth": "2017-01-15", "place_of_birth": "", "fathers_name": "", "mothers_name": "", "address_current": "", "address_origin": "", "contact_number": "", "emergency_contact_number": "", "date_joined": "2015-01-15", "pkss_school": 1, "pkss_class": 1, "enrollment_notes": "", "fee_concession_percent": null, "currently_enrolled": true, "date_left": null, "reason_left": null}}, {"model": "attendance.attendance", "pk": 52, "fields": {"student": 1, "attendance_date": "2016-12-31", "datestamp": "2017-01-03", "datestamp_change": "2017-01-06T03:35:19.994Z", "status": "present", "notes": ""}}, {"model": "attendance.attendance", "pk": 53, "fields": {"student": 2, "attendance_date": "2016-12-31", "datestamp": "2017-01-03", "datestamp_change": "2017-01-06T03:35:19.994Z", "status": "present", "notes": ""}}, {"model": "attendance.attendance", "pk": 54, "fields": {"student": 3, "attendance_date": "2016-12-31", "datestamp": "2017-01-03", "datestamp_change": "2017-01-06T03:35:19.994Z", "status": "present", "notes": ""}}, {"model": "attendance.attendance", "pk": 55, "fields": {"student": 5, "attendance_date": "2016-12-31", "datestamp": "2017-01-03", "datestamp_change": "2017-01-06T03:35:19.994Z", "status": "present", "notes": ""}}, {"model": "attendance.attendance", "pk": 56, "fields": {"student": 6, "attendance_date": "2016-12-31", "datestamp": "2017-01-03", "datestamp_change": "2017-01-06T03:35:19.994Z", "status": "present", "notes": ""}}, {"model": "attendance.attendance", "pk": 57, "fields": {"student": 7, "attendance_date": "2016-12-31", "datestamp": "2017-01-03", "datestamp_change": "2017-01-06T03:35:19.994Z", "status": "present", "notes": ""}}, {"model": "attendance.attendance", "pk": 58, "fields": {"student": 8, "attendance_date": "2016-12-31", "datestamp": "2017-01-03", "datestamp_change": "2017-01-06T03:35:19.994Z", "status": "absent", "notes": ""}}, {"model": "attendance.attendance", "pk": 59, "fields": {"student": 1, "attendance_date": "2016-12-30", "datestamp": "2017-01-04", "datestamp_change": "2017-01-06T03:35:19.994Z", "status": "present", "notes": ""}}, {"model": "attendance.attendance", "pk": 60, "fields": {"student": 2, "attendance_date": "2016-12-30", "datestamp": "2017-01-04", "datestamp_change": "2017-01-06T03:35:19.994Z", "status": "absent", "notes": ""}}, {"model": "attendance.attendance", "pk": 61, "fields": {"student": 3, "attendance_date": "2016-12-30", "datestamp": "2017-01-04", "datestamp_change": "2017-01-06T03:35:19.994Z", "status": "present", "notes": ""}}, {"model": "attendance.attendance", "pk": 62, "fields": {"student": 5, "attendance_date": "2016-12-30", "datestamp": "2017-01-04", "datestamp_change": "2017-01-06T03:35:19.994Z", "status": "present", "notes": ""}}, {"model": "attendance.attendance", "pk": 63, "fields": {"student": 6, "attendance_date": "2016-12-30", "datestamp": "2017-01-04", "datestamp_change": "2017-01-06T03:35:19.994Z", "status": "present", "notes": ""}}, {"model": "attendance.attendance", "pk": 64, "fields": {"student": 7, "attendance_date": "2016-12-30", "datestamp": "2017-01-04", "datestamp_change": "2017-01-06T03:35:19.994Z", "status": "present", "notes": ""}}, {"model": "attendance.attendance", "pk": 65, "fields": {"student": 8, "attendance_date": "2016-12-30", "datestamp": "2017-01-04", "datestamp_change": "2017-01-06T03:35:19.994Z", "status": "absent", "notes": ""}}, {"model": "attendance.attendance", "pk": 97, "fields": {"student": 9, "attendance_date": "2016-01-06", "datestamp": "2017-01-11", "datestamp_change": "2017-01-11T05:06:06.044Z", "status": "absent", "notes": ""}}, {"model": "attendance.attendance", "pk": 98, "fields": {"student": 10, "attendance_date": "2016-01-06", "datestamp": "2017-01-11", "datestamp_change": "2017-01-11T05:06:06.146Z", "status": "present", "notes": ""}}, {"model": "attendance.attendance", "pk": 99, "fields": {"student": 11, "attendance_date": "2016-01-06", "datestamp": "2017-01-11", "datestamp_change": "2017-01-11T05:06:06.258Z", "status": "absent", "notes": ""}}, {"model": "attendance.attendance", "pk": 100, "fields": {"student": 12, "attendance_date": "2016-01-06", "datestamp": "2017-01-11", "datestamp_change": "2017-01-11T05:06:06.389Z", "status": "present", "notes": ""}}, {"model": "attendance.attendance", "pk": 109, "fields": {"student": 9, "attendance_date": "2016-12-09", "datestamp": "2017-01-14", "datestamp_change": "2017-01-14T10:27:04.244Z", "status": "absent", "notes": ""}}, {"model": "attendance.attendance", "pk": 110, "fields": {"student": 10, "attendance_date": "2016-12-09", "datestamp": "2017-01-14", "datestamp_change": "2017-01-14T10:27:04.968Z", "status": "present", "notes": ""}}, {"model": "attendance.attendance", "pk": 111, "fields": {"student": 11, "attendance_date": "2016-12-09", "datestamp": "2017-01-14", "datestamp_change": "2017-01-14T10:27:05.105Z", "status": "absent", "notes": ""}}, {"model": "attendance.attendance", "pk": 112, "fields": {"student": 12, "attendance_date": "2016-12-09", "datestamp": "2017-01-14", "datestamp_change": "2017-01-14T10:27:05.347Z", "status": "absent", "notes": ""}}, {"model": "attendance.attendance", "pk": 113, "fields": {"student": 13, "attendance_date": "2016-12-09", "datestamp": "2017-01-14", "datestamp_change": "2017-01-14T10:27:05.483Z", "status": "present", "notes": ""}}, {"model": "attendance.attendance", "pk": 120, "fields": {"student": 2, "attendance_date": "2016-01-12", "datestamp": "2017-01-14", "datestamp_change": "2017-01-14T10:49:25.137Z", "status": "absent", "notes": ""}}, {"model": "attendance.attendance", "pk": 121, "fields": {"student": 3, "attendance_date": "2016-01-12", "datestamp": "2017-01-14", "datestamp_change": "2017-01-14T10:49:25.303Z", "status": "absent", "notes": ""}}, {"model": "attendance.attendance", "pk": 122, "fields": {"student": 5, "attendance_date": "2016-01-12", "datestamp": "2017-01-14", "datestamp_change": "2017-01-14T10:49:25.471Z", "status": "absent", "notes": ""}}, {"model": "attendance.attendance", "pk": 123, "fields": {"student": 6, "attendance_date": "2016-01-12", "datestamp": "2017-01-14", "datestamp_change": "2017-01-14T10:49:25.744Z", "status": "absent", "notes": ""}}, {"model": "attendance.attendance", "pk": 124, "fields": {"student": 7, "attendance_date": "2016-01-12", "datestamp": "2017-01-14", "datestamp_change": "2017-01-14T10:49:25.903Z", "status": "absent", "notes": ""}}, {"model": "attendance.attendance", "pk": 125, "fields": {"student": 8, "attendance_date": "2016-01-12", "datestamp": "2017-01-14", "datestamp_change": "2017-01-14T10:49:26.376Z", "status": "absent", "notes": ""}}, {"model": "attendance.attendance", "pk": 207, "fields": {"student": 1, "attendance_date": "2017-01-15", "datestamp": "2017-01-15", "datestamp_change": "2017-01-15T09:43:59.009Z", "status": "absent", "notes": ""}}, {"model": "attendance.attendance", "pk": 208, "fields": {"student": 2, "attendance_date": "2017-01-15", "datestamp": "2017-01-15", "datestamp_change": "2017-01-15T09:43:59.530Z", "status": "absent", "notes": ""}}, {"model": "attendance.attendance", "pk": 209, "fields": {"student": 3, "attendance_date": "2017-01-15", "datestamp": "2017-01-15", "datestamp_change": "2017-01-15T09:43:59.839Z", "status": "present", "notes": ""}}, {"model": "attendance.attendance", "pk": 210, "fields": {"student": 5, "attendance_date": "2017-01-15", "datestamp": "2017-01-15", "datestamp_change": "2017-01-15T09:44:00.040Z", "status": "present", "notes": ""}}, {"model": "attendance.attendance", "pk": 211, "fields": {"student": 6, "attendance_date": "2017-01-15", "datestamp": "2017-01-15", "datestamp_change": "2017-01-15T09:44:01.219Z", "status": "present", "notes": ""}}, {"model": "attendance.attendance", "pk": 212, "fields": {"student": 7, "attendance_date": "2017-01-15", "datestamp": "2017-01-15", "datestamp_change": "2017-01-15T09:44:01.535Z", "status": "present", "notes": ""}}, {"model": "attendance.attendance", "pk": 213, "fields": {"student": 8, "attendance_date": "2017-01-15", "datestamp": "2017-01-15", "datestamp_change": "2017-01-16T13:37:00.254Z", "status": "present", "notes": ""}}, {"model": "attendance.attendance", "pk": 214, "fields": {"student": 1, "attendance_date": "2017-01-14", "datestamp": "2017-01-15", "datestamp_change": "2017-01-15T10:54:45.454Z", "status": "present", "notes": ""}}, {"model": "attendance.attendance", "pk": 215, "fields": {"student": 2, "attendance_date": "2017-01-14", "datestamp": "2017-01-15", "datestamp_change": "2017-01-15T10:54:46.301Z", "status": "absent", "notes": ""}}, {"model": "attendance.attendance", "pk": 216, "fields": {"student": 3, "attendance_date": "2017-01-14", "datestamp": "2017-01-15", "datestamp_change": "2017-01-15T10:54:46.536Z", "status": "absent", "notes": ""}}, {"model": "attendance.attendance", "pk": 217, "fields": {"student": 5, "attendance_date": "2017-01-14", "datestamp": "2017-01-15", "datestamp_change": "2017-01-15T10:54:46.693Z", "status": "absent", "notes": ""}}, {"model": "attendance.attendance", "pk": 218, "fields": {"student": 6, "attendance_date": "2017-01-14", "datestamp": "2017-01-15", "datestamp_change": "2017-01-15T10:54:46.959Z", "status": "present", "notes": ""}}, {"model": "attendance.attendance", "pk": 219, "fields": {"student": 7, "attendance_date": "2017-01-14", "datestamp": "2017-01-15", "datestamp_change": "2017-01-15T10:54:47.112Z", "status": "absent", "notes": ""}}, {"model": "attendance.attendance", "pk": 220, "fields": {"student": 8, "attendance_date": "2017-01-14", "datestamp": "2017-01-15", "datestamp_change": "2017-01-15T10:54:47.245Z", "status": "absent", "notes": ""}}, {"model": "attendance.attendance", "pk": 221, "fields": {"student": 18, "attendance_date": "2017-01-15", "datestamp": "2017-01-15", "datestamp_change": "2017-01-15T18:45:17.320Z", "status": "present", "notes": ""}}, {"model": "attendance.attendance", "pk": 222, "fields": {"student": 19, "attendance_date": "2017-01-15", "datestamp": "2017-01-15", "datestamp_change": "2017-01-15T18:45:17.392Z", "status": "present", "notes": ""}}, {"model": "attendance.attendance", "pk": 223, "fields": {"student": 18, "attendance_date": "2017-01-14", "datestamp": "2017-01-15", "datestamp_change": "2017-01-15T17:02:01.969Z", "status": "present", "notes": ""}}, {"model": "attendance.attendance", "pk": 224, "fields": {"student": 19, "attendance_date": "2017-01-14", "datestamp": "2017-01-15", "datestamp_change": "2017-01-15T17:02:02.017Z", "status": "present", "notes": ""}}, {"model": "attendance.attendance", "pk": 225, "fields": {"student": 18, "attendance_date": "2017-01-13", "datestamp": "2017-01-15", "datestamp_change": "2017-01-15T17:02:26.162Z", "status": "present", "notes": ""}}, {"model": "attendance.attendance", "pk": 226, "fields": {"student": 19, "attendance_date": "2017-01-13", "datestamp": "2017-01-15", "datestamp_change": "2017-01-15T17:02:26.205Z", "status": "absent", "notes": ""}}, {"model": "attendance.attendance", "pk": 227, "fields": {"student": 18, "attendance_date": "2017-01-12", "datestamp": "2017-01-15", "datestamp_change": "2017-01-15T17:02:47.137Z", "status": "present", "notes": ""}}, {"model": "attendance.attendance", "pk": 228, "fields": {"student": 19, "attendance_date": "2017-01-12", "datestamp": "2017-01-15", "datestamp_change": "2017-01-15T17:02:47.194Z", "status": "present", "notes": ""}}, {"model": "attendance.attendance", "pk": 229, "fields": {"student": 14, "attendance_date": "2017-01-15", "datestamp": "2017-01-15", "datestamp_change": "2017-01-15T17:03:59.604Z", "status": "present", "notes": ""}}, {"model": "attendance.attendance", "pk": 230, "fields": {"student": 15, "attendance_date": "2017-01-15", "datestamp": "2017-01-15", "datestamp_change": "2017-01-15T17:03:59.671Z", "status": "present", "notes": ""}}, {"model": "attendance.attendance", "pk": 231, "fields": {"student": 16, "attendance_date": "2017-01-15", "datestamp": "2017-01-15", "datestamp_change": "2017-01-15T17:03:59.683Z", "status": "present", "notes": ""}}, {"model": "attendance.attendance", "pk": 232, "fields": {"student": 14, "attendance_date": "2017-01-14", "datestamp": "2017-01-15", "datestamp_change": "2017-01-15T17:04:07.724Z", "status": "present", "notes": ""}}, {"model": "attendance.attendance", "pk": 233, "fields": {"student": 15, "attendance_date": "2017-01-14", "datestamp": "2017-01-15", "datestamp_change": "2017-01-15T17:04:07.786Z", "status": "present", "notes": ""}}, {"model": "attendance.attendance", "pk": 234, "fields": {"student": 16, "attendance_date": "2017-01-14", "datestamp": "2017-01-15", "datestamp_change": "2017-01-15T17:04:07.799Z", "status": "present", "notes": ""}}, {"model": "attendance.attendance", "pk": 235, "fields": {"student": 14, "attendance_date": "2017-01-13", "datestamp": "2017-01-15", "datestamp_change": "2017-01-15T17:04:15.306Z", "status": "present", "notes": ""}}, {"model": "attendance.attendance", "pk": 236, "fields": {"student": 15, "attendance_date": "2017-01-13", "datestamp": "2017-01-15", "datestamp_change": "2017-01-15T17:04:15.368Z", "status": "present", "notes": ""}}, {"model": "attendance.attendance", "pk": 237, "fields": {"student": 16, "attendance_date": "2017-01-13", "datestamp": "2017-01-15", "datestamp_change": "2017-01-15T17:04:15.379Z", "status": "absent", "notes": ""}}, {"model": "attendance.attendance", "pk": 238, "fields": {"student": 14, "attendance_date": "2017-01-12", "datestamp": "2017-01-15", "datestamp_change": "2017-01-15T17:04:30.404Z", "status": "absent", "notes": ""}}, {"model": "attendance.attendance", "pk": 239, "fields": {"student": 15, "attendance_date": "2017-01-12", "datestamp": "2017-01-15", "datestamp_change": "2017-01-15T17:04:30.484Z", "status": "present", "notes": ""}}, {"model": "attendance.attendance", "pk": 240, "fields": {"student": 16, "attendance_date": "2017-01-12", "datestamp": "2017-01-15", "datestamp_change": "2017-01-15T17:04:30.496Z", "status": "absent", "notes": ""}}, {"model": "attendance.attendance", "pk": 241, "fields": {"student": 1, "attendance_date": "2017-01-12", "datestamp": "2017-01-15", "datestamp_change": "2017-01-15T17:06:10.591Z", "status": "present", "notes": ""}}, {"model": "attendance.attendance", "pk": 242, "fields": {"student": 2, "attendance_date": "2017-01-12", "datestamp": "2017-01-15", "datestamp_change": "2017-01-15T17:06:10.604Z", "status": "present", "notes": ""}}, {"model": "attendance.attendance", "pk": 243, "fields": {"student": 3, "attendance_date": "2017-01-12", "datestamp": "2017-01-15", "datestamp_change": "2017-01-15T17:06:10.618Z", "status": "absent", "notes": ""}}, {"model": "attendance.attendance", "pk": 244, "fields": {"student": 5, "attendance_date": "2017-01-12", "datestamp": "2017-01-15", "datestamp_change": "2017-01-15T17:06:10.630Z", "status": "present", "notes": ""}}, {"model": "attendance.attendance", "pk": 245, "fields": {"student": 6, "attendance_date": "2017-01-12", "datestamp": "2017-01-15", "datestamp_change": "2017-01-15T17:06:10.712Z", "status": "present", "notes": ""}}, {"model": "attendance.attendance", "pk": 246, "fields": {"student": 7, "attendance_date": "2017-01-12", "datestamp": "2017-01-15", "datestamp_change": "2017-01-15T17:06:10.725Z", "status": "present", "notes": ""}}, {"model": "attendance.attendance", "pk": 247, "fields": {"student": 8, "attendance_date": "2017-01-12", "datestamp": "2017-01-15", "datestamp_change": "2017-01-15T17:06:10.737Z", "status": "present", "notes": ""}}, {"model": "attendance.attendance", "pk": 248, "fields": {"student": 1, "attendance_date": "2017-01-13", "datestamp": "2017-01-15", "datestamp_change": "2017-01-15T17:06:31.754Z", "status": "present", "notes": ""}}, {"model": "attendance.attendance", "pk": 249, "fields": {"student": 2, "attendance_date": "2017-01-13", "datestamp": "2017-01-15", "datestamp_change": "2017-01-15T17:06:31.765Z", "status": "absent", "notes": ""}}, {"model": "attendance.attendance", "pk": 250, "fields": {"student": 3, "attendance_date": "2017-01-13", "datestamp": "2017-01-15", "datestamp_change": "2017-01-15T17:06:31.777Z", "status": "absent", "notes": ""}}, {"model": "attendance.attendance", "pk": 251, "fields": {"student": 5, "attendance_date": "2017-01-13", "datestamp": "2017-01-15", "datestamp_change": "2017-01-16T13:34:42.207Z", "status": "absent", "notes": ""}}, {"model": "attendance.attendance", "pk": 252, "fields": {"student": 6, "attendance_date": "2017-01-13", "datestamp": "2017-01-15", "datestamp_change": "2017-01-16T13:29:06.903Z", "status": "present", "notes": ""}}, {"model": "attendance.attendance", "pk": 253, "fields": {"student": 7, "attendance_date": "2017-01-13", "datestamp": "2017-01-15", "datestamp_change": "2017-01-16T13:35:30.814Z", "status": "present", "notes": ""}}, {"model": "attendance.attendance", "pk": 254, "fields": {"student": 8, "attendance_date": "2017-01-13", "datestamp": "2017-01-15", "datestamp_change": "2017-01-16T13:29:08.365Z", "status": "absent", "notes": ""}}, {"model": "attendance.attendance", "pk": 255, "fields": {"student": 9, "attendance_date": "2017-01-01", "datestamp": "2017-01-16", "datestamp_change": "2017-01-16T09:45:46.151Z", "status": "present", "notes": ""}}, {"model": "attendance.attendance", "pk": 256, "fields": {"student": 10, "attendance_date": "2017-01-01", "datestamp": "2017-01-16", "datestamp_change": "2017-01-16T09:45:47.023Z", "status": "absent", "notes": ""}}, {"model": "attendance.attendance", "pk": 257, "fields": {"student": 11, "attendance_date": "2017-01-01", "datestamp": "2017-01-16", "datestamp_change": "2017-01-16T09:45:47.152Z", "status": "absent", "notes": ""}}, {"model": "attendance.attendance", "pk": 258, "fields": {"student": 12, "attendance_date": "2017-01-01", "datestamp": "2017-01-16", "datestamp_change": "2017-01-16T09:45:47.404Z", "status": "absent", "notes": ""}}, {"model": "attendance.attendance", "pk": 259, "fields": {"student": 13, "attendance_date": "2017-01-01", "datestamp": "2017-01-16", "datestamp_change": "2017-01-16T09:45:47.557Z", "status": "absent", "notes": ""}}, {"model": "attendance.attendancecalendar", "pk": 1, "fields": {"school": 3, "first_day_of_month": "2017-01-01", "workdays_in_month": 23, "non_weekend_workdays_off": null}}, {"model": "attendance.attendancecalendar", "pk": 2, "fields": {"school": 1, "first_day_of_month": "2017-01-11", "workdays_in_month": 25, "non_weekend_workdays_off": null}}, {"model": "attendance.attendancecalendar", "pk": 3, "fields": {"school": 4, "first_day_of_month": "2017-01-11", "workdays_in_month": 23, "non_weekend_workdays_off": null}}, {"model": "attendance.attendancecalendar", "pk": 4, "fields": {"school": 5, "first_day_of_month": "2017-01-01", "workdays_in_month": 27, "non_weekend_workdays_off": null}}, {"model": "attendance.attendancecalendar", "pk": 5, "fields": {"school": 3, "first_day_of_month": "2017-02-01", "workdays_in_month": 22, "non_weekend_workdays_off": null}}, {"model": "attendance.attendancecalendar", "pk": 6, "fields": {"school": 3, "first_day_of_month": "2017-03-11", "workdays_in_month": 30, "non_weekend_workdays_off": null}}, {"model": "attendance.attendancecalendar", "pk": 7, "fields": {"school": 5, "first_day_of_month": "2017-02-01", "workdays_in_month": 24, "non_weekend_workdays_off": null}}, {"model": "attendance.attendancecalendar", "pk": 8, "fields": {"school": 3, "first_day_of_month": "2017-04-01", "workdays_in_month": 28, "non_weekend_workdays_off": null}}, {"model": "attendance.attendancecalendar", "pk": 9, "fields": {"school": 3, "first_day_of_month": "2017-05-01", "workdays_in_month": 20, "non_weekend_workdays_off": null}}, {"model": "attendance.attendancecalendar", "pk": 10, "fields": {"school": 1, "first_day_of_month": "2017-06-01", "workdays_in_month": 26, "non_weekend_workdays_off": null}}, {"model": "attendance.attendancecalendar", "pk": 11, "fields": {"school": 3, "first_day_of_month": "2017-06-01", "workdays_in_month": 23, "non_weekend_workdays_off": null}}, {"model": "attendance.attendancecalendar", "pk": 12, "fields": {"school": 1, "first_day_of_month": "2017-02-01", "workdays_in_month": 15, "non_weekend_workdays_off": null}}, {"model": "attendance.attendancecalendar", "pk": 13, "fields": {"school": 3, "first_day_of_month": "2017-07-01", "workdays_in_month": 12, "non_weekend_workdays_off": null}}, {"model": "attendance.nonscheduledholidays", "pk": 1, "fields": {"school": 3, "holiday_date": "2017-01-01", "reason_for_holiday": "not sure"}}, {"model": "auth.permission", "pk": 1, "fields": {"name": "Can add log entry", "content_type": 1, "codename": "add_logentry"}}, {"model": "auth.permission", "pk": 2, "fields": {"name": "Can change log entry", "content_type": 1, "codename": "change_logentry"}}, {"model": "auth.permission", "pk": 3, "fields": {"name": "Can delete log entry", "content_type": 1, "codename": "delete_logentry"}}, {"model": "auth.permission", "pk": 4, "fields": {"name": "Can add permission", "content_type": 2, "codename": "add_permission"}}, {"model": "auth.permission", "pk": 5, "fields": {"name": "Can change permission", "content_type": 2, "codename": "change_permission"}}, {"model": "auth.permission", "pk": 6, "fields": {"name": "Can delete permission", "content_type": 2, "codename": "delete_permission"}}, {"model": "auth.permission", "pk": 7, "fields": {"name": "Can add user", "content_type": 3, "codename": "add_user"}}, {"model": "auth.permission", "pk": 8, "fields": {"name": "Can change user", "content_type": 3, "codename": "change_user"}}, {"model": "auth.permission", "pk": 9, "fields": {"name": "Can delete user", "content_type": 3, "codename": "delete_user"}}, {"model": "auth.permission", "pk": 10, "fields": {"name": "Can add group", "content_type": 4, "codename": "add_group"}}, {"model": "auth.permission", "pk": 11, "fields": {"name": "Can change group", "content_type": 4, "codename": "change_group"}}, {"model": "auth.permission", "pk": 12, "fields": {"name": "Can delete group", "content_type": 4, "codename": "delete_group"}}, {"model": "auth.permission", "pk": 13, "fields": {"name": "Can add content type", "content_type": 5, "codename": "add_contenttype"}}, {"model": "auth.permission", "pk": 14, "fields": {"name": "Can change content type", "content_type": 5, "codename": "change_contenttype"}}, {"model": "auth.permission", "pk": 15, "fields": {"name": "Can delete content type", "content_type": 5, "codename": "delete_contenttype"}}, {"model": "auth.permission", "pk": 16, "fields": {"name": "Can add session", "content_type": 6, "codename": "add_session"}}, {"model": "auth.permission", "pk": 17, "fields": {"name": "Can change session", "content_type": 6, "codename": "change_session"}}, {"model": "auth.permission", "pk": 18, "fields": {"name": "Can delete session", "content_type": 6, "codename": "delete_session"}}, {"model": "auth.permission", "pk": 19, "fields": {"name": "Can add school", "content_type": 7, "codename": "add_school"}}, {"model": "auth.permission", "pk": 20, "fields": {"name": "Can change school", "content_type": 7, "codename": "change_school"}}, {"model": "auth.permission", "pk": 21, "fields": {"name": "Can delete school", "content_type": 7, "codename": "delete_school"}}, {"model": "auth.permission", "pk": 22, "fields": {"name": "Can add class", "content_type": 8, "codename": "add_class"}}, {"model": "auth.permission", "pk": 23, "fields": {"name": "Can change class", "content_type": 8, "codename": "change_class"}}, {"model": "auth.permission", "pk": 24, "fields": {"name": "Can delete class", "content_type": 8, "codename": "delete_class"}}, {"model": "auth.permission", "pk": 25, "fields": {"name": "Can add teacher", "content_type": 9, "codename": "add_teacher"}}, {"model": "auth.permission", "pk": 26, "fields": {"name": "Can change teacher", "content_type": 9, "codename": "change_teacher"}}, {"model": "auth.permission", "pk": 27, "fields": {"name": "Can delete teacher", "content_type": 9, "codename": "delete_teacher"}}, {"model": "auth.permission", "pk": 28, "fields": {"name": "Can add student", "content_type": 10, "codename": "add_student"}}, {"model": "auth.permission", "pk": 29, "fields": {"name": "Can change student", "content_type": 10, "codename": "change_student"}}, {"model": "auth.permission", "pk": 30, "fields": {"name": "Can delete student", "content_type": 10, "codename": "delete_student"}}, {"model": "auth.permission", "pk": 31, "fields": {"name": "Can add attendance", "content_type": 11, "codename": "add_attendance"}}, {"model": "auth.permission", "pk": 32, "fields": {"name": "Can change attendance", "content_type": 11, "codename": "change_attendance"}}, {"model": "auth.permission", "pk": 33, "fields": {"name": "Can delete attendance", "content_type": 11, "codename": "delete_attendance"}}, {"model": "auth.permission", "pk": 34, "fields": {"name": "Can add attendance calendar", "content_type": 12, "codename": "add_attendancecalendar"}}, {"model": "auth.permission", "pk": 35, "fields": {"name": "Can change attendance calendar", "content_type": 12, "codename": "change_attendancecalendar"}}, {"model": "auth.permission", "pk": 36, "fields": {"name": "Can delete attendance calendar", "content_type": 12, "codename": "delete_attendancecalendar"}}, {"model": "auth.permission", "pk": 37, "fields": {"name": "Can add non scheduled holidays", "content_type": 13, "codename": "add_nonscheduledholidays"}}, {"model": "auth.permission", "pk": 38, "fields": {"name": "Can change non scheduled holidays", "content_type": 13, "codename": "change_nonscheduledholidays"}}, {"model": "auth.permission", "pk": 39, "fields": {"name": "Can delete non scheduled holidays", "content_type": 13, "codename": "delete_nonscheduledholidays"}}, {"model": "auth.user", "pk": 1, "fields": {"password": "pbkdf2_sha256$30000$c1Bsw2I6zuKF$vyQMy20mBpEQ7lEJ8JZn2f9FXeV9u6WbKs8NiumhXEc=", "last_login": "2016-12-30T20:56:34.128Z", "is_superuser": true, "username": "junaid", "first_name": "", "last_name": "", "email": "junaidq1@gmail.com", "is_staff": true, "is_active": true, "date_joined": "2016-12-30T20:52:49.234Z", "groups": [], "user_permissions": []}}, {"model": "auth.user", "pk": 2, "fields": {"password": "pbkdf2_sha256$30000$6VitybkmoERb$s4rkdndUmBMNWcycvF2a10qNYiJ3QFJR/Wh+tOc4FZE=", "last_login": "2017-01-16T18:14:10.654Z", "is_superuser": true, "username": "admin", "first_name": "", "last_name": "", "email": "admin@gmail.com", "is_staff": true, "is_active": true, "date_joined": "2017-01-02T19:28:59.063Z", "groups": [], "user_permissions": []}}, {"model": "auth.user", "pk": 3, "fields": {"password": "pbkdf2_sha256$30000$E6ymVW8yUT1O$l4ms8W2vrd2RfuyGschzNm5iloc2FY6yBkCLsyA2jbw=", "last_login": "2017-01-16T09:36:15.668Z", "is_superuser": false, "username": "teacher", "first_name": "", "last_name": "", "email": "", "is_staff": false, "is_active": true, "date_joined": "2017-01-02T19:29:56.960Z", "groups": [], "user_permissions": []}}, {"model": "auth.user", "pk": 4, "fields": {"password": "pbkdf2_sha256$30000$psM84KM1b84e$k84D/lNov0bqOTuFXZK87gWanaCfXl1qbrHTcl2qSF0=", "last_login": "2017-01-14T17:36:53.070Z", "is_superuser": false, "username": "teach1", "first_name": "", "last_name": "", "email": "", "is_staff": false, "is_active": true, "date_joined": "2017-01-03T18:21:28.621Z", "groups": [], "user_permissions": []}}, {"model": "auth.user", "pk": 5, "fields": {"password": "pbkdf2_sha256$30000$j0UqOze66qiv$EVka3x8mffmRfIBVWzpdNNjPL+d7ygC2kXydLIa3WsE=", "last_login": "2017-01-06T03:16:51.108Z", "is_superuser": false, "username": "teach2", "first_name": "", "last_name": "", "email": "", "is_staff": false, "is_active": true, "date_joined": "2017-01-06T00:52:37Z", "groups": [], "user_permissions": []}}, {"model": "teachers.teacher", "pk": 1, "fields": {"user": null, "level": "principal", "first_name": "john", "last_name": "smith", "gender": "male", "date_joined": "2013-12-30", "starting_salary": 5500, "current_salary": null, "phone_number": "03002229999", "address": "hi hello", "starting_qualifications": "something", "current_qualifications": "something", "starting_years_experience": null, "pkss_school": []}}, {"model": "teachers.teacher", "pk": 2, "fields": {"user": null, "level": "teacher", "first_name": "jane", "last_name": "smith", "gender": "female", "date_joined": "2012-12-30", "starting_salary": 12000, "current_salary": null, "phone_number": "03002229999", "address": "hi how are y", "starting_qualifications": "something", "current_qualifications": "something", "starting_years_experience": null, "pkss_school": []}}, {"model": "teachers.teacher", "pk": 3, "fields": {"user": 3, "level": "principal", "first_name": "Lal", "last_name": "Zada", "gender": "male", "date_joined": "2017-01-02", "starting_salary": null, "current_salary": null, "phone_number": "03002229999", "address": "gulber", "starting_qualifications": "something", "current_qualifications": "something", "starting_years_experience": null, "pkss_school": [1, 3]}}, {"model": "teachers.teacher", "pk": 4, "fields": {"user": 4, "level": "principal", "first_name": "teach1", "last_name": "teacher", "gender": "male", "date_joined": "2012-01-03", "starting_salary": null, "current_salary": null, "phone_number": "03002229999", "address": "something", "starting_qualifications": "something", "current_qualifications": "something", "starting_years_experience": null, "pkss_school": [1]}}, {"model": "teachers.teacher", "pk": 5, "fields": {"user": 2, "level": "management", "first_name": "admin", "last_name": "user", "gender": "male", "date_joined": "2017-01-05", "starting_salary": null, "current_salary": null, "phone_number": "03002229999", "address": "somethng", "starting_qualifications": "something", "current_qualifications": "something", "starting_years_experience": null, "pkss_school": [1, 3, 4, 5]}}, {"model": "teachers.teacher", "pk": 6, "fields": {"user": 5, "level": "principal", "first_name": "teach2", "last_name": "teacher", "gender": "female", "date_joined": "2014-01-05", "starting_salary": null, "current_salary": null, "phone_number": "03002229999", "address": "something", "starting_qualifications": "something", "current_qualifications": "something", "starting_years_experience": null, "pkss_school": [4]}}, {"model": "admin.logentry", "pk": 1, "fields": {"action_time": "2016-12-30T21:02:59.625Z", "user": 1, "content_type": 7, "object_id": "1", "object_repr": "PK3 - morning", "action_flag": 1, "change_message": "[{\"added\": {}}]"}}, {"model": "admin.logentry", "pk": 2, "fields": {"action_time": "2016-12-30T21:34:20.718Z", "user": 1, "content_type": 9, "object_id": "1", "object_repr": "john_smith", "action_flag": 1, "change_message": "[{\"added\": {}}]"}}, {"model": "admin.logentry", "pk": 3, "fields": {"action_time": "2016-12-30T21:34:43.394Z", "user": 1, "content_type": 9, "object_id": "2", "object_repr": "jane_smith", "action_flag": 1, "change_message": "[{\"added\": {}}]"}}, {"model": "admin.logentry", "pk": 4, "fields": {"action_time": "2016-12-30T21:44:20.945Z", "user": 1, "content_type": 8, "object_id": "1", "object_repr": "Class 3", "action_flag": 1, "change_message": "[{\"added\": {}}]"}}, {"model": "admin.logentry", "pk": 5, "fields": {"action_time": "2016-12-30T22:08:00.105Z", "user": 1, "content_type": 10, "object_id": "1", "object_repr": "aab_ccd", "action_flag": 1, "change_message": "[{\"added\": {}}]"}}, {"model": "admin.logentry", "pk": 6, "fields": {"action_time": "2016-12-30T22:08:36.013Z", "user": 1, "content_type": 7, "object_id": "2", "object_repr": "PK8 - morning", "action_flag": 1, "change_message": "[{\"added\": {}}]"}}, {"model": "admin.logentry", "pk": 7, "fields": {"action_time": "2016-12-30T22:10:00.484Z", "user": 1, "content_type": 8, "object_id": "2", "object_repr": "Class 3", "action_flag": 1, "change_message": "[{\"added\": {}}]"}}, {"model": "admin.logentry", "pk": 8, "fields": {"action_time": "2016-12-30T22:30:19.240Z", "user": 1, "content_type": 8, "object_id": "3", "object_repr": "Play Group", "action_flag": 1, "change_message": "[{\"added\": {}}]"}}, {"model": "admin.logentry", "pk": 9, "fields": {"action_time": "2016-12-30T22:38:29.145Z", "user": 1, "content_type": 8, "object_id": "3", "object_repr": "Play Group", "action_flag": 2, "change_message": "[]"}}, {"model": "admin.logentry", "pk": 10, "fields": {"action_time": "2016-12-30T22:39:48.340Z", "user": 1, "content_type": 8, "object_id": "3", "object_repr": "Play Group", "action_flag": 2, "change_message": "[]"}}, {"model": "admin.logentry", "pk": 11, "fields": {"action_time": "2016-12-30T22:40:18.871Z", "user": 1, "content_type": 8, "object_id": "2", "object_repr": "Class 3", "action_flag": 2, "change_message": "[]"}}, {"model": "admin.logentry", "pk": 12, "fields": {"action_time": "2016-12-30T22:40:21.353Z", "user": 1, "content_type": 8, "object_id": "1", "object_repr": "Class 3", "action_flag": 2, "change_message": "[]"}}, {"model": "admin.logentry", "pk": 13, "fields": {"action_time": "2016-12-30T22:45:23.844Z", "user": 1, "content_type": 10, "object_id": "1", "object_repr": "aab_ccd", "action_flag": 2, "change_message": "[]"}}, {"model": "admin.logentry", "pk": 14, "fields": {"action_time": "2016-12-30T22:46:27.520Z", "user": 1, "content_type": 10, "object_id": "2", "object_repr": "junaid_qureshi", "action_flag": 1, "change_message": "[{\"added\": {}}]"}}, {"model": "admin.logentry", "pk": 15, "fields": {"action_time": "2016-12-30T22:47:32.157Z", "user": 1, "content_type": 10, "object_id": "3", "object_repr": "jane_doe", "action_flag": 1, "change_message": "[{\"added\": {}}]"}}, {"model": "admin.logentry", "pk": 16, "fields": {"action_time": "2016-12-30T22:47:43.863Z", "user": 1, "content_type": 10, "object_id": "2", "object_repr": "junaid_qureshi", "action_flag": 2, "change_message": "[{\"changed\": {\"fields\": [\"pkss_class\"]}}]"}}, {"model": "admin.logentry", "pk": 17, "fields": {"action_time": "2016-12-30T22:49:26.177Z", "user": 1, "content_type": 10, "object_id": "4", "object_repr": "lolli_pop", "action_flag": 1, "change_message": "[{\"added\": {}}]"}}, {"model": "admin.logentry", "pk": 18, "fields": {"action_time": "2016-12-30T22:49:34.362Z", "user": 1, "content_type": 10, "object_id": "4", "object_repr": "lolli_pop", "action_flag": 2, "change_message": "[{\"changed\": {\"fields\": [\"pkss_class\"]}}]"}}, {"model": "admin.logentry", "pk": 19, "fields": {"action_time": "2016-12-31T00:58:51.651Z", "user": 1, "content_type": 11, "object_id": "1", "object_repr": "junaid_qureshi_present", "action_flag": 1, "change_message": "[{\"added\": {}}]"}}, {"model": "admin.logentry", "pk": 20, "fields": {"action_time": "2016-12-31T00:59:56.763Z", "user": 1, "content_type": 11, "object_id": "2", "object_repr": "junaid_qureshi_present", "action_flag": 1, "change_message": "[{\"added\": {}}]"}}, {"model": "admin.logentry", "pk": 21, "fields": {"action_time": "2016-12-31T01:24:37.857Z", "user": 1, "content_type": 11, "object_id": "4", "object_repr": "jane_doe_present", "action_flag": 3, "change_message": ""}}, {"model": "admin.logentry", "pk": 22, "fields": {"action_time": "2016-12-31T01:24:52.913Z", "user": 1, "content_type": 11, "object_id": "5", "object_repr": "junaid_qureshi_present", "action_flag": 1, "change_message": "[{\"added\": {}}]"}}, {"model": "admin.logentry", "pk": 23, "fields": {"action_time": "2017-01-01T22:30:39.015Z", "user": 1, "content_type": 10, "object_id": "5", "object_repr": "beyonce_know", "action_flag": 1, "change_message": "[{\"added\": {}}]"}}, {"model": "admin.logentry", "pk": 24, "fields": {"action_time": "2017-01-01T22:30:52.703Z", "user": 1, "content_type": 10, "object_id": "2", "object_repr": "johnny_depp", "action_flag": 2, "change_message": "[{\"changed\": {\"fields\": [\"first_name\", \"last_name\"]}}]"}}, {"model": "admin.logentry", "pk": 25, "fields": {"action_time": "2017-01-02T19:29:57.101Z", "user": 2, "content_type": 3, "object_id": "3", "object_repr": "teacher", "action_flag": 1, "change_message": "[{\"added\": {}}]"}}, {"model": "admin.logentry", "pk": 26, "fields": {"action_time": "2017-01-02T19:30:45.927Z", "user": 2, "content_type": 9, "object_id": "3", "object_repr": "Lal_Zada", "action_flag": 1, "change_message": "[{\"added\": {}}]"}}, {"model": "admin.logentry", "pk": 27, "fields": {"action_time": "2017-01-02T22:02:18.593Z", "user": 2, "content_type": 8, "object_id": "4", "object_repr": "", "action_flag": 1, "change_message": "[{\"added\": {}}]"}}, {"model": "admin.logentry", "pk": 28, "fields": {"action_time": "2017-01-02T22:03:44.321Z", "user": 2, "content_type": 8, "object_id": "5", "object_repr": "", "action_flag": 1, "change_message": "[{\"added\": {}}]"}}, {"model": "admin.logentry", "pk": 29, "fields": {"action_time": "2017-01-02T22:56:05.710Z", "user": 2, "content_type": 10, "object_id": "6", "object_repr": "new_Stud", "action_flag": 1, "change_message": "[{\"added\": {}}]"}}, {"model": "admin.logentry", "pk": 30, "fields": {"action_time": "2017-01-02T23:56:03.313Z", "user": 2, "content_type": 10, "object_id": "7", "object_repr": "meow_cat", "action_flag": 1, "change_message": "[{\"added\": {}}]"}}, {"model": "admin.logentry", "pk": 31, "fields": {"action_time": "2017-01-03T16:54:40.351Z", "user": 2, "content_type": 10, "object_id": "8", "object_repr": "john_snow", "action_flag": 1, "change_message": "[{\"added\": {}}]"}}, {"model": "admin.logentry", "pk": 32, "fields": {"action_time": "2017-01-03T16:55:22.993Z", "user": 2, "content_type": 10, "object_id": "6", "object_repr": "new_Stud", "action_flag": 2, "change_message": "[{\"changed\": {\"fields\": [\"pkss_class\"]}}]"}}, {"model": "admin.logentry", "pk": 33, "fields": {"action_time": "2017-01-03T16:59:40.540Z", "user": 2, "content_type": 11, "object_id": "27", "object_repr": "meow_cat_present", "action_flag": 3, "change_message": ""}}, {"model": "admin.logentry", "pk": 34, "fields": {"action_time": "2017-01-03T16:59:52.562Z", "user": 2, "content_type": 11, "object_id": "26", "object_repr": "beyonce_know_absent", "action_flag": 3, "change_message": ""}}, {"model": "admin.logentry", "pk": 35, "fields": {"action_time": "2017-01-03T16:59:52.687Z", "user": 2, "content_type": 11, "object_id": "25", "object_repr": "jane_doe_present", "action_flag": 3, "change_message": ""}}, {"model": "admin.logentry", "pk": 36, "fields": {"action_time": "2017-01-03T16:59:52.809Z", "user": 2, "content_type": 11, "object_id": "24", "object_repr": "johnny_depp_present", "action_flag": 3, "change_message": ""}}, {"model": "admin.logentry", "pk": 37, "fields": {"action_time": "2017-01-03T17:00:23.215Z", "user": 2, "content_type": 11, "object_id": "23", "object_repr": "aab_ccd_present", "action_flag": 3, "change_message": ""}}, {"model": "admin.logentry", "pk": 38, "fields": {"action_time": "2017-01-03T17:00:23.355Z", "user": 2, "content_type": 11, "object_id": "22", "object_repr": "beyonce_know_present", "action_flag": 3, "change_message": ""}}, {"model": "admin.logentry", "pk": 39, "fields": {"action_time": "2017-01-03T17:00:23.500Z", "user": 2, "content_type": 11, "object_id": "21", "object_repr": "jane_doe_present", "action_flag": 3, "change_message": ""}}, {"model": "admin.logentry", "pk": 40, "fields": {"action_time": "2017-01-03T17:00:23.612Z", "user": 2, "content_type": 11, "object_id": "20", "object_repr": "johnny_depp_present", "action_flag": 3, "change_message": ""}}, {"model": "admin.logentry", "pk": 41, "fields": {"action_time": "2017-01-03T17:00:23.736Z", "user": 2, "content_type": 11, "object_id": "19", "object_repr": "aab_ccd_absent", "action_flag": 3, "change_message": ""}}, {"model": "admin.logentry", "pk": 42, "fields": {"action_time": "2017-01-03T17:00:23.870Z", "user": 2, "content_type": 11, "object_id": "18", "object_repr": "meow_cat_present", "action_flag": 3, "change_message": ""}}, {"model": "admin.logentry", "pk": 43, "fields": {"action_time": "2017-01-03T17:00:24.003Z", "user": 2, "content_type": 11, "object_id": "16", "object_repr": "meow_cat_present", "action_flag": 3, "change_message": ""}}, {"model": "admin.logentry", "pk": 44, "fields": {"action_time": "2017-01-03T17:00:24.149Z", "user": 2, "content_type": 11, "object_id": "14", "object_repr": "beyonce_know_present", "action_flag": 3, "change_message": ""}}, {"model": "admin.logentry", "pk": 45, "fields": {"action_time": "2017-01-03T17:00:24.283Z", "user": 2, "content_type": 11, "object_id": "13", "object_repr": "jane_doe_present", "action_flag": 3, "change_message": ""}}, {"model": "admin.logentry", "pk": 46, "fields": {"action_time": "2017-01-03T17:00:24.428Z", "user": 2, "content_type": 11, "object_id": "12", "object_repr": "johnny_depp_present", "action_flag": 3, "change_message": ""}}, {"model": "admin.logentry", "pk": 47, "fields": {"action_time": "2017-01-03T17:00:24.596Z", "user": 2, "content_type": 11, "object_id": "11", "object_repr": "aab_ccd_present", "action_flag": 3, "change_message": ""}}, {"model": "admin.logentry", "pk": 48, "fields": {"action_time": "2017-01-03T17:00:24.741Z", "user": 2, "content_type": 11, "object_id": "10", "object_repr": "beyonce_know_absent", "action_flag": 3, "change_message": ""}}, {"model": "admin.logentry", "pk": 49, "fields": {"action_time": "2017-01-03T17:00:24.866Z", "user": 2, "content_type": 11, "object_id": "9", "object_repr": "jane_doe_absent", "action_flag": 3, "change_message": ""}}, {"model": "admin.logentry", "pk": 50, "fields": {"action_time": "2017-01-03T17:00:25.000Z", "user": 2, "content_type": 11, "object_id": "8", "object_repr": "johnny_depp_present", "action_flag": 3, "change_message": ""}}, {"model": "admin.logentry", "pk": 51, "fields": {"action_time": "2017-01-03T17:00:25.123Z", "user": 2, "content_type": 11, "object_id": "7", "object_repr": "aab_ccd_present", "action_flag": 3, "change_message": ""}}, {"model": "admin.logentry", "pk": 52, "fields": {"action_time": "2017-01-03T18:21:29.993Z", "user": 2, "content_type": 3, "object_id": "4", "object_repr": "teach1", "action_flag": 1, "change_message": "[{\"added\": {}}]"}}, {"model": "admin.logentry", "pk": 53, "fields": {"action_time": "2017-01-03T18:25:39.029Z", "user": 2, "content_type": 7, "object_id": "3", "object_repr": "PK2 - morning", "action_flag": 1, "change_message": "[{\"added\": {}}]"}}, {"model": "admin.logentry", "pk": 54, "fields": {"action_time": "2017-01-03T18:26:46.063Z", "user": 2, "content_type": 9, "object_id": "4", "object_repr": "test_teacher", "action_flag": 1, "change_message": "[{\"added\": {}}]"}}, {"model": "admin.logentry", "pk": 55, "fields": {"action_time": "2017-01-03T18:28:26.993Z", "user": 2, "content_type": 8, "object_id": "6", "object_repr": "", "action_flag": 1, "change_message": "[{\"added\": {}}]"}}, {"model": "admin.logentry", "pk": 56, "fields": {"action_time": "2017-01-03T18:28:44.500Z", "user": 2, "content_type": 8, "object_id": "7", "object_repr": "", "action_flag": 1, "change_message": "[{\"added\": {}}]"}}, {"model": "admin.logentry", "pk": 57, "fields": {"action_time": "2017-01-03T18:30:17.025Z", "user": 2, "content_type": 10, "object_id": "9", "object_repr": "student_one", "action_flag": 1, "change_message": "[{\"added\": {}}]"}}, {"model": "admin.logentry", "pk": 58, "fields": {"action_time": "2017-01-03T18:31:31.787Z", "user": 2, "content_type": 10, "object_id": "10", "object_repr": "student_two", "action_flag": 1, "change_message": "[{\"added\": {}}]"}}, {"model": "admin.logentry", "pk": 59, "fields": {"action_time": "2017-01-03T18:31:55.462Z", "user": 2, "content_type": 10, "object_id": "11", "object_repr": "student_three", "action_flag": 1, "change_message": "[{\"added\": {}}]"}}, {"model": "admin.logentry", "pk": 60, "fields": {"action_time": "2017-01-03T18:32:33.762Z", "user": 2, "content_type": 10, "object_id": "12", "object_repr": "student_four", "action_flag": 1, "change_message": "[{\"added\": {}}]"}}, {"model": "admin.logentry", "pk": 61, "fields": {"action_time": "2017-01-03T18:33:10.198Z", "user": 2, "content_type": 10, "object_id": "13", "object_repr": "student_five", "action_flag": 1, "change_message": "[{\"added\": {}}]"}}, {"model": "admin.logentry", "pk": 62, "fields": {"action_time": "2017-01-06T00:51:54.936Z", "user": 2, "content_type": 7, "object_id": "4", "object_repr": "PK4 - morning", "action_flag": 1, "change_message": "[{\"added\": {}}]"}}, {"model": "admin.logentry", "pk": 63, "fields": {"action_time": "2017-01-06T00:52:06.756Z", "user": 2, "content_type": 9, "object_id": "5", "object_repr": "admin_user", "action_flag": 1, "change_message": "[{\"added\": {}}]"}}, {"model": "admin.logentry", "pk": 64, "fields": {"action_time": "2017-01-06T00:52:20.289Z", "user": 2, "content_type": 9, "object_id": "4", "object_repr": "teach1_teacher", "action_flag": 2, "change_message": "[{\"changed\": {\"fields\": [\"first_name\"]}}]"}}, {"model": "admin.logentry", "pk": 65, "fields": {"action_time": "2017-01-06T00:52:37.528Z", "user": 2, "content_type": 3, "object_id": "5", "object_repr": "teach2", "action_flag": 1, "change_message": "[{\"added\": {}}]"}}, {"model": "admin.logentry", "pk": 66, "fields": {"action_time": "2017-01-06T00:52:43.854Z", "user": 2, "content_type": 3, "object_id": "5", "object_repr": "teach2", "action_flag": 2, "change_message": "[]"}}, {"model": "admin.logentry", "pk": 67, "fields": {"action_time": "2017-01-06T00:53:28.451Z", "user": 2, "content_type": 8, "object_id": "8", "object_repr": "", "action_flag": 1, "change_message": "[{\"added\": {}}]"}}, {"model": "admin.logentry", "pk": 68, "fields": {"action_time": "2017-01-06T00:54:22.283Z", "user": 2, "content_type": 8, "object_id": "9", "object_repr": "", "action_flag": 1, "change_message": "[{\"added\": {}}]"}}, {"model": "admin.logentry", "pk": 69, "fields": {"action_time": "2017-01-06T00:55:39.682Z", "user": 2, "content_type": 10, "object_id": "14", "object_repr": "garfield_cat", "action_flag": 1, "change_message": "[{\"added\": {}}]"}}, {"model": "admin.logentry", "pk": 70, "fields": {"action_time": "2017-01-06T00:56:04.012Z", "user": 2, "content_type": 10, "object_id": "15", "object_repr": "super_man", "action_flag": 1, "change_message": "[{\"added\": {}}]"}}, {"model": "admin.logentry", "pk": 71, "fields": {"action_time": "2017-01-06T00:57:08.670Z", "user": 2, "content_type": 10, "object_id": "16", "object_repr": "cat_woman", "action_flag": 1, "change_message": "[{\"added\": {}}]"}}, {"model": "admin.logentry", "pk": 72, "fields": {"action_time": "2017-01-06T00:58:08.651Z", "user": 2, "content_type": 10, "object_id": "17", "object_repr": "bat_man", "action_flag": 1, "change_message": "[{\"added\": {}}]"}}, {"model": "admin.logentry", "pk": 73, "fields": {"action_time": "2017-01-06T00:59:06.855Z", "user": 2, "content_type": 9, "object_id": "6", "object_repr": "teach2_teacher", "action_flag": 1, "change_message": "[{\"added\": {}}]"}}, {"model": "admin.logentry", "pk": 74, "fields": {"action_time": "2017-01-06T04:13:36.267Z", "user": 2, "content_type": 10, "object_id": "17", "object_repr": "bat_man", "action_flag": 2, "change_message": "[{\"changed\": {\"fields\": [\"currently_enrolled\"]}}]"}}, {"model": "admin.logentry", "pk": 75, "fields": {"action_time": "2017-01-06T04:49:19.560Z", "user": 2, "content_type": 12, "object_id": "1", "object_repr": "AttendanceCalendar object", "action_flag": 1, "change_message": "[{\"added\": {}}]"}}, {"model": "admin.logentry", "pk": 76, "fields": {"action_time": "2017-01-07T00:10:37.485Z", "user": 2, "content_type": 9, "object_id": "3", "object_repr": "Lal_Zada", "action_flag": 2, "change_message": "[]"}}, {"model": "admin.logentry", "pk": 77, "fields": {"action_time": "2017-01-11T07:20:36.422Z", "user": 2, "content_type": 12, "object_id": "1", "object_repr": "AttendanceCalendar object", "action_flag": 2, "change_message": "[]"}}, {"model": "admin.logentry", "pk": 78, "fields": {"action_time": "2017-01-11T07:20:47.310Z", "user": 2, "content_type": 12, "object_id": "2", "object_repr": "AttendanceCalendar object", "action_flag": 1, "change_message": "[{\"added\": {}}]"}}, {"model": "admin.logentry", "pk": 79, "fields": {"action_time": "2017-01-14T12:51:56.014Z", "user": 2, "content_type": 11, "object_id": "195", "object_repr": "john_snow_absent", "action_flag": 3, "change_message": ""}}, {"model": "admin.logentry", "pk": 80, "fields": {"action_time": "2017-01-14T12:51:56.268Z", "user": 2, "content_type": 11, "object_id": "194", "object_repr": "meow_cat_absent", "action_flag": 3, "change_message": ""}}, {"model": "admin.logentry", "pk": 81, "fields": {"action_time": "2017-01-14T12:51:56.524Z", "user": 2, "content_type": 11, "object_id": "193", "object_repr": "new_Stud_absent", "action_flag": 3, "change_message": ""}}, {"model": "admin.logentry", "pk": 82, "fields": {"action_time": "2017-01-14T12:51:56.748Z", "user": 2, "content_type": 11, "object_id": "192", "object_repr": "beyonce_know_absent", "action_flag": 3, "change_message": ""}}, {"model": "admin.logentry", "pk": 83, "fields": {"action_time": "2017-01-14T12:51:56.970Z", "user": 2, "content_type": 11, "object_id": "191", "object_repr": "jane_doe_absent", "action_flag": 3, "change_message": ""}}, {"model": "admin.logentry", "pk": 84, "fields": {"action_time": "2017-01-14T12:51:57.193Z", "user": 2, "content_type": 11, "object_id": "190", "object_repr": "johnny_depp_absent", "action_flag": 3, "change_message": ""}}, {"model": "admin.logentry", "pk": 85, "fields": {"action_time": "2017-01-14T12:51:57.439Z", "user": 2, "content_type": 11, "object_id": "189", "object_repr": "aab_ccd_absent", "action_flag": 3, "change_message": ""}}, {"model": "admin.logentry", "pk": 86, "fields": {"action_time": "2017-01-14T12:51:57.717Z", "user": 2, "content_type": 11, "object_id": "188", "object_repr": "john_snow_absent", "action_flag": 3, "change_message": ""}}, {"model": "admin.logentry", "pk": 87, "fields": {"action_time": "2017-01-14T12:51:57.918Z", "user": 2, "content_type": 11, "object_id": "187", "object_repr": "meow_cat_absent", "action_flag": 3, "change_message": ""}}, {"model": "admin.logentry", "pk": 88, "fields": {"action_time": "2017-01-14T12:51:58.119Z", "user": 2, "content_type": 11, "object_id": "186", "object_repr": "new_Stud_absent", "action_flag": 3, "change_message": ""}}, {"model": "admin.logentry", "pk": 89, "fields": {"action_time": "2017-01-14T12:51:58.331Z", "user": 2, "content_type": 11, "object_id": "185", "object_repr": "beyonce_know_absent", "action_flag": 3, "change_message": ""}}, {"model": "admin.logentry", "pk": 90, "fields": {"action_time": "2017-01-14T12:51:58.543Z", "user": 2, "content_type": 11, "object_id": "184", "object_repr": "jane_doe_absent", "action_flag": 3, "change_message": ""}}, {"model": "admin.logentry", "pk": 91, "fields": {"action_time": "2017-01-14T12:51:58.766Z", "user": 2, "content_type": 11, "object_id": "183", "object_repr": "johnny_depp_absent", "action_flag": 3, "change_message": ""}}, {"model": "admin.logentry", "pk": 92, "fields": {"action_time": "2017-01-14T12:51:58.978Z", "user": 2, "content_type": 11, "object_id": "182", "object_repr": "aab_ccd_absent", "action_flag": 3, "change_message": ""}}, {"model": "admin.logentry", "pk": 93, "fields": {"action_time": "2017-01-14T12:51:59.202Z", "user": 2, "content_type": 11, "object_id": "181", "object_repr": "john_snow_absent", "action_flag": 3, "change_message": ""}}, {"model": "admin.logentry", "pk": 94, "fields": {"action_time": "2017-01-14T12:51:59.459Z", "user": 2, "content_type": 11, "object_id": "180", "object_repr": "meow_cat_absent", "action_flag": 3, "change_message": ""}}, {"model": "admin.logentry", "pk": 95, "fields": {"action_time": "2017-01-14T12:51:59.738Z", "user": 2, "content_type": 11, "object_id": "179", "object_repr": "new_Stud_absent", "action_flag": 3, "change_message": ""}}, {"model": "admin.logentry", "pk": 96, "fields": {"action_time": "2017-01-14T12:52:00.027Z", "user": 2, "content_type": 11, "object_id": "178", "object_repr": "beyonce_know_absent", "action_flag": 3, "change_message": ""}}, {"model": "admin.logentry", "pk": 97, "fields": {"action_time": "2017-01-14T12:52:00.250Z", "user": 2, "content_type": 11, "object_id": "177", "object_repr": "jane_doe_absent", "action_flag": 3, "change_message": ""}}, {"model": "admin.logentry", "pk": 98, "fields": {"action_time": "2017-01-14T12:52:00.484Z", "user": 2, "content_type": 11, "object_id": "176", "object_repr": "johnny_depp_absent", "action_flag": 3, "change_message": ""}}, {"model": "admin.logentry", "pk": 99, "fields": {"action_time": "2017-01-14T12:52:00.685Z", "user": 2, "content_type": 11, "object_id": "175", "object_repr": "aab_ccd_absent", "action_flag": 3, "change_message": ""}}, {"model": "admin.logentry", "pk": 100, "fields": {"action_time": "2017-01-14T12:52:00.897Z", "user": 2, "content_type": 11, "object_id": "174", "object_repr": "john_snow_absent", "action_flag": 3, "change_message": ""}}, {"model": "admin.logentry", "pk": 101, "fields": {"action_time": "2017-01-14T12:52:01.164Z", "user": 2, "content_type": 11, "object_id": "173", "object_repr": "meow_cat_absent", "action_flag": 3, "change_message": ""}}, {"model": "admin.logentry", "pk": 102, "fields": {"action_time": "2017-01-14T12:52:01.387Z", "user": 2, "content_type": 11, "object_id": "172", "object_repr": "new_Stud_absent", "action_flag": 3, "change_message": ""}}, {"model": "admin.logentry", "pk": 103, "fields": {"action_time": "2017-01-14T12:52:01.599Z", "user": 2, "content_type": 11, "object_id": "171", "object_repr": "beyonce_know_absent", "action_flag": 3, "change_message": ""}}, {"model": "admin.logentry", "pk": 104, "fields": {"action_time": "2017-01-14T12:52:01.811Z", "user": 2, "content_type": 11, "object_id": "170", "object_repr": "jane_doe_absent", "action_flag": 3, "change_message": ""}}, {"model": "admin.logentry", "pk": 105, "fields": {"action_time": "2017-01-14T12:52:02.023Z", "user": 2, "content_type": 11, "object_id": "169", "object_repr": "johnny_depp_absent", "action_flag": 3, "change_message": ""}}, {"model": "admin.logentry", "pk": 106, "fields": {"action_time": "2017-01-14T12:52:02.291Z", "user": 2, "content_type": 11, "object_id": "168", "object_repr": "aab_ccd_absent", "action_flag": 3, "change_message": ""}}, {"model": "admin.logentry", "pk": 107, "fields": {"action_time": "2017-01-14T12:52:02.536Z", "user": 2, "content_type": 11, "object_id": "167", "object_repr": "john_snow_absent", "action_flag": 3, "change_message": ""}}, {"model": "admin.logentry", "pk": 108, "fields": {"action_time": "2017-01-14T12:52:02.760Z", "user": 2, "content_type": 11, "object_id": "166", "object_repr": "meow_cat_absent", "action_flag": 3, "change_message": ""}}, {"model": "admin.logentry", "pk": 109, "fields": {"action_time": "2017-01-14T12:52:02.983Z", "user": 2, "content_type": 11, "object_id": "165", "object_repr": "new_Stud_absent", "action_flag": 3, "change_message": ""}}, {"model": "admin.logentry", "pk": 110, "fields": {"action_time": "2017-01-14T12:52:03.206Z", "user": 2, "content_type": 11, "object_id": "164", "object_repr": "beyonce_know_absent", "action_flag": 3, "change_message": ""}}, {"model": "admin.logentry", "pk": 111, "fields": {"action_time": "2017-01-14T12:52:03.474Z", "user": 2, "content_type": 11, "object_id": "163", "object_repr": "jane_doe_absent", "action_flag": 3, "change_message": ""}}, {"model": "admin.logentry", "pk": 112, "fields": {"action_time": "2017-01-14T12:52:03.675Z", "user": 2, "content_type": 11, "object_id": "162", "object_repr": "johnny_depp_absent", "action_flag": 3, "change_message": ""}}, {"model": "admin.logentry", "pk": 113, "fields": {"action_time": "2017-01-14T12:52:03.876Z", "user": 2, "content_type": 11, "object_id": "161", "object_repr": "aab_ccd_absent", "action_flag": 3, "change_message": ""}}, {"model": "admin.logentry", "pk": 114, "fields": {"action_time": "2017-01-14T12:52:04.088Z", "user": 2, "content_type": 11, "object_id": "160", "object_repr": "john_snow_absent", "action_flag": 3, "change_message": ""}}, {"model": "admin.logentry", "pk": 115, "fields": {"action_time": "2017-01-14T12:52:04.300Z", "user": 2, "content_type": 11, "object_id": "159", "object_repr": "meow_cat_absent", "action_flag": 3, "change_message": ""}}, {"model": "admin.logentry", "pk": 116, "fields": {"action_time": "2017-01-14T12:52:04.533Z", "user": 2, "content_type": 11, "object_id": "158", "object_repr": "new_Stud_absent", "action_flag": 3, "change_message": ""}}, {"model": "admin.logentry", "pk": 117, "fields": {"action_time": "2017-01-14T12:52:04.734Z", "user": 2, "content_type": 11, "object_id": "157", "object_repr": "beyonce_know_absent", "action_flag": 3, "change_message": ""}}, {"model": "admin.logentry", "pk": 118, "fields": {"action_time": "2017-01-14T12:52:04.946Z", "user": 2, "content_type": 11, "object_id": "156", "object_repr": "jane_doe_absent", "action_flag": 3, "change_message": ""}}, {"model": "admin.logentry", "pk": 119, "fields": {"action_time": "2017-01-14T12:52:05.158Z", "user": 2, "content_type": 11, "object_id": "155", "object_repr": "johnny_depp_absent", "action_flag": 3, "change_message": ""}}, {"model": "admin.logentry", "pk": 120, "fields": {"action_time": "2017-01-14T12:52:05.370Z", "user": 2, "content_type": 11, "object_id": "154", "object_repr": "aab_ccd_absent", "action_flag": 3, "change_message": ""}}, {"model": "admin.logentry", "pk": 121, "fields": {"action_time": "2017-01-14T12:52:05.604Z", "user": 2, "content_type": 11, "object_id": "153", "object_repr": "john_snow_absent", "action_flag": 3, "change_message": ""}}, {"model": "admin.logentry", "pk": 122, "fields": {"action_time": "2017-01-14T12:52:05.817Z", "user": 2, "content_type": 11, "object_id": "152", "object_repr": "meow_cat_absent", "action_flag": 3, "change_message": ""}}, {"model": "admin.logentry", "pk": 123, "fields": {"action_time": "2017-01-14T12:52:06.030Z", "user": 2, "content_type": 11, "object_id": "151", "object_repr": "new_Stud_absent", "action_flag": 3, "change_message": ""}}, {"model": "admin.logentry", "pk": 124, "fields": {"action_time": "2017-01-14T12:52:06.252Z", "user": 2, "content_type": 11, "object_id": "150", "object_repr": "beyonce_know_absent", "action_flag": 3, "change_message": ""}}, {"model": "admin.logentry", "pk": 125, "fields": {"action_time": "2017-01-14T12:52:06.464Z", "user": 2, "content_type": 11, "object_id": "149", "object_repr": "jane_doe_absent", "action_flag": 3, "change_message": ""}}, {"model": "admin.logentry", "pk": 126, "fields": {"action_time": "2017-01-14T12:52:06.709Z", "user": 2, "content_type": 11, "object_id": "148", "object_repr": "johnny_depp_absent", "action_flag": 3, "change_message": ""}}, {"model": "admin.logentry", "pk": 127, "fields": {"action_time": "2017-01-14T12:52:06.933Z", "user": 2, "content_type": 11, "object_id": "147", "object_repr": "aab_ccd_absent", "action_flag": 3, "change_message": ""}}, {"model": "admin.logentry", "pk": 128, "fields": {"action_time": "2017-01-14T12:52:07.145Z", "user": 2, "content_type": 11, "object_id": "146", "object_repr": "john_snow_absent", "action_flag": 3, "change_message": ""}}, {"model": "admin.logentry", "pk": 129, "fields": {"action_time": "2017-01-14T12:52:07.368Z", "user": 2, "content_type": 11, "object_id": "145", "object_repr": "meow_cat_absent", "action_flag": 3, "change_message": ""}}, {"model": "admin.logentry", "pk": 130, "fields": {"action_time": "2017-01-14T12:52:07.602Z", "user": 2, "content_type": 11, "object_id": "144", "object_repr": "new_Stud_absent", "action_flag": 3, "change_message": ""}}, {"model": "admin.logentry", "pk": 131, "fields": {"action_time": "2017-01-14T12:52:07.880Z", "user": 2, "content_type": 11, "object_id": "143", "object_repr": "beyonce_know_absent", "action_flag": 3, "change_message": ""}}, {"model": "admin.logentry", "pk": 132, "fields": {"action_time": "2017-01-14T12:52:08.092Z", "user": 2, "content_type": 11, "object_id": "142", "object_repr": "jane_doe_absent", "action_flag": 3, "change_message": ""}}, {"model": "admin.logentry", "pk": 133, "fields": {"action_time": "2017-01-14T12:52:08.304Z", "user": 2, "content_type": 11, "object_id": "141", "object_repr": "johnny_depp_absent", "action_flag": 3, "change_message": ""}}, {"model": "admin.logentry", "pk": 134, "fields": {"action_time": "2017-01-14T12:52:08.505Z", "user": 2, "content_type": 11, "object_id": "140", "object_repr": "aab_ccd_absent", "action_flag": 3, "change_message": ""}}, {"model": "admin.logentry", "pk": 135, "fields": {"action_time": "2017-01-14T12:52:08.741Z", "user": 2, "content_type": 11, "object_id": "139", "object_repr": "john_snow_absent", "action_flag": 3, "change_message": ""}}, {"model": "admin.logentry", "pk": 136, "fields": {"action_time": "2017-01-14T12:52:08.987Z", "user": 2, "content_type": 11, "object_id": "138", "object_repr": "meow_cat_absent", "action_flag": 3, "change_message": ""}}, {"model": "admin.logentry", "pk": 137, "fields": {"action_time": "2017-01-14T12:52:09.209Z", "user": 2, "content_type": 11, "object_id": "137", "object_repr": "new_Stud_absent", "action_flag": 3, "change_message": ""}}, {"model": "admin.logentry", "pk": 138, "fields": {"action_time": "2017-01-14T12:52:09.444Z", "user": 2, "content_type": 11, "object_id": "136", "object_repr": "beyonce_know_absent", "action_flag": 3, "change_message": ""}}, {"model": "admin.logentry", "pk": 139, "fields": {"action_time": "2017-01-14T12:52:09.667Z", "user": 2, "content_type": 11, "object_id": "135", "object_repr": "jane_doe_absent", "action_flag": 3, "change_message": ""}}, {"model": "admin.logentry", "pk": 140, "fields": {"action_time": "2017-01-14T12:52:09.867Z", "user": 2, "content_type": 11, "object_id": "134", "object_repr": "johnny_depp_absent", "action_flag": 3, "change_message": ""}}, {"model": "admin.logentry", "pk": 141, "fields": {"action_time": "2017-01-14T12:52:10.124Z", "user": 2, "content_type": 11, "object_id": "133", "object_repr": "aab_ccd_absent", "action_flag": 3, "change_message": ""}}, {"model": "admin.logentry", "pk": 142, "fields": {"action_time": "2017-01-14T12:52:10.336Z", "user": 2, "content_type": 11, "object_id": "132", "object_repr": "john_snow_absent", "action_flag": 3, "change_message": ""}}, {"model": "admin.logentry", "pk": 143, "fields": {"action_time": "2017-01-14T12:52:10.548Z", "user": 2, "content_type": 11, "object_id": "131", "object_repr": "meow_cat_absent", "action_flag": 3, "change_message": ""}}, {"model": "admin.logentry", "pk": 144, "fields": {"action_time": "2017-01-14T12:52:10.759Z", "user": 2, "content_type": 11, "object_id": "130", "object_repr": "new_Stud_absent", "action_flag": 3, "change_message": ""}}, {"model": "admin.logentry", "pk": 145, "fields": {"action_time": "2017-01-14T12:52:10.972Z", "user": 2, "content_type": 11, "object_id": "129", "object_repr": "beyonce_know_absent", "action_flag": 3, "change_message": ""}}, {"model": "admin.logentry", "pk": 146, "fields": {"action_time": "2017-01-14T12:52:11.205Z", "user": 2, "content_type": 11, "object_id": "128", "object_repr": "jane_doe_absent", "action_flag": 3, "change_message": ""}}, {"model": "admin.logentry", "pk": 147, "fields": {"action_time": "2017-01-14T12:52:11.417Z", "user": 2, "content_type": 11, "object_id": "127", "object_repr": "johnny_depp_absent", "action_flag": 3, "change_message": ""}}, {"model": "admin.logentry", "pk": 148, "fields": {"action_time": "2017-01-14T12:52:11.662Z", "user": 2, "content_type": 11, "object_id": "126", "object_repr": "aab_ccd_present", "action_flag": 3, "change_message": ""}}, {"model": "admin.logentry", "pk": 149, "fields": {"action_time": "2017-01-14T12:52:11.875Z", "user": 2, "content_type": 11, "object_id": "101", "object_repr": "student_five_absent", "action_flag": 3, "change_message": ""}}, {"model": "admin.logentry", "pk": 150, "fields": {"action_time": "2017-01-14T17:43:22.016Z", "user": 2, "content_type": 8, "object_id": "10", "object_repr": "", "action_flag": 1, "change_message": "[{\"added\": {}}]"}}, {"model": "admin.logentry", "pk": 151, "fields": {"action_time": "2017-01-15T02:54:46.124Z", "user": 2, "content_type": 7, "object_id": "2", "object_repr": "PK8 - morning", "action_flag": 3, "change_message": ""}}, {"model": "admin.logentry", "pk": 152, "fields": {"action_time": "2017-01-15T02:55:43.074Z", "user": 2, "content_type": 7, "object_id": "5", "object_repr": "PK8 - morning", "action_flag": 1, "change_message": "[{\"added\": {}}]"}}, {"model": "admin.logentry", "pk": 153, "fields": {"action_time": "2017-01-15T02:56:02.146Z", "user": 2, "content_type": 8, "object_id": "11", "object_repr": "", "action_flag": 1, "change_message": "[{\"added\": {}}]"}}, {"model": "admin.logentry", "pk": 154, "fields": {"action_time": "2017-01-15T02:56:23.688Z", "user": 2, "content_type": 8, "object_id": "12", "object_repr": "", "action_flag": 1, "change_message": "[{\"added\": {}}]"}}, {"model": "admin.logentry", "pk": 155, "fields": {"action_time": "2017-01-15T02:56:33.333Z", "user": 2, "content_type": 8, "object_id": "12", "object_repr": "PK8 - morning_Class 4_A", "action_flag": 2, "change_message": "[{\"changed\": {\"fields\": [\"teacher\"]}}]"}}, {"model": "admin.logentry", "pk": 156, "fields": {"action_time": "2017-01-15T02:56:38.682Z", "user": 2, "content_type": 8, "object_id": "11", "object_repr": "PK8 - morning_Class 3_A", "action_flag": 2, "change_message": "[{\"changed\": {\"fields\": [\"teacher\"]}}]"}}, {"model": "admin.logentry", "pk": 157, "fields": {"action_time": "2017-01-15T02:57:24.470Z", "user": 2, "content_type": 10, "object_id": "18", "object_repr": "hillary_clinton", "action_flag": 1, "change_message": "[{\"added\": {}}]"}}, {"model": "admin.logentry", "pk": 158, "fields": {"action_time": "2017-01-15T02:57:55.793Z", "user": 2, "content_type": 10, "object_id": "19", "object_repr": "barack_obama", "action_flag": 1, "change_message": "[{\"added\": {}}]"}}, {"model": "admin.logentry", "pk": 159, "fields": {"action_time": "2017-01-15T02:58:57.218Z", "user": 2, "content_type": 9, "object_id": "5", "object_repr": "admin_user", "action_flag": 2, "change_message": "[]"}}, {"model": "admin.logentry", "pk": 160, "fields": {"action_time": "2017-01-15T07:50:51.205Z", "user": 2, "content_type": 11, "object_id": "119", "object_repr": "aab_ccd_absent", "action_flag": 2, "change_message": "[{\"changed\": {\"fields\": [\"attendance_date\"]}}]"}}, {"model": "admin.logentry", "pk": 161, "fields": {"action_time": "2017-01-15T09:25:31.297Z", "user": 2, "content_type": 11, "object_id": "108", "object_repr": "john_snow_present", "action_flag": 2, "change_message": "[{\"changed\": {\"fields\": [\"status\"]}}]"}}, {"model": "admin.logentry", "pk": 162, "fields": {"action_time": "2017-01-15T09:33:52.624Z", "user": 2, "content_type": 11, "object_id": "119", "object_repr": "aab_ccd_absent", "action_flag": 3, "change_message": ""}}, {"model": "admin.logentry", "pk": 163, "fields": {"action_time": "2017-01-15T09:33:52.946Z", "user": 2, "content_type": 11, "object_id": "202", "object_repr": "barack_obama_present", "action_flag": 3, "change_message": ""}}, {"model": "admin.logentry", "pk": 164, "fields": {"action_time": "2017-01-15T09:33:54.169Z", "user": 2, "content_type": 11, "object_id": "201", "object_repr": "hillary_clinton_present", "action_flag": 3, "change_message": ""}}, {"model": "admin.logentry", "pk": 165, "fields": {"action_time": "2017-01-15T09:33:55.382Z", "user": 2, "content_type": 11, "object_id": "200", "object_repr": "student_five_absent", "action_flag": 3, "change_message": ""}}, {"model": "admin.logentry", "pk": 166, "fields": {"action_time": "2017-01-15T09:33:56.595Z", "user": 2, "content_type": 11, "object_id": "199", "object_repr": "student_four_absent", "action_flag": 3, "change_message": ""}}, {"model": "admin.logentry", "pk": 167, "fields": {"action_time": "2017-01-15T09:33:57.820Z", "user": 2, "content_type": 11, "object_id": "198", "object_repr": "student_three_absent", "action_flag": 3, "change_message": ""}}, {"model": "admin.logentry", "pk": 168, "fields": {"action_time": "2017-01-15T09:33:59.088Z", "user": 2, "content_type": 11, "object_id": "197", "object_repr": "student_two_absent", "action_flag": 3, "change_message": ""}}, {"model": "admin.logentry", "pk": 169, "fields": {"action_time": "2017-01-15T09:34:00.323Z", "user": 2, "content_type": 11, "object_id": "196", "object_repr": "student_one_absent", "action_flag": 3, "change_message": ""}}, {"model": "admin.logentry", "pk": 170, "fields": {"action_time": "2017-01-15T09:34:01.534Z", "user": 2, "content_type": 11, "object_id": "204", "object_repr": "barack_obama_absent", "action_flag": 3, "change_message": ""}}, {"model": "admin.logentry", "pk": 171, "fields": {"action_time": "2017-01-15T09:34:02.762Z", "user": 2, "content_type": 11, "object_id": "203", "object_repr": "hillary_clinton_present", "action_flag": 3, "change_message": ""}}, {"model": "admin.logentry", "pk": 172, "fields": {"action_time": "2017-01-15T09:34:03.059Z", "user": 2, "content_type": 11, "object_id": "206", "object_repr": "barack_obama_present", "action_flag": 3, "change_message": ""}}, {"model": "admin.logentry", "pk": 173, "fields": {"action_time": "2017-01-15T09:34:03.315Z", "user": 2, "content_type": 11, "object_id": "205", "object_repr": "hillary_clinton_present", "action_flag": 3, "change_message": ""}}, {"model": "admin.logentry", "pk": 174, "fields": {"action_time": "2017-01-15T09:34:03.549Z", "user": 2, "content_type": 11, "object_id": "96", "object_repr": "student_five_present", "action_flag": 3, "change_message": ""}}, {"model": "admin.logentry", "pk": 175, "fields": {"action_time": "2017-01-15T09:34:03.828Z", "user": 2, "content_type": 11, "object_id": "95", "object_repr": "student_four_present", "action_flag": 3, "change_message": ""}}, {"model": "admin.logentry", "pk": 176, "fields": {"action_time": "2017-01-15T09:34:04.142Z", "user": 2, "content_type": 11, "object_id": "94", "object_repr": "student_three_present", "action_flag": 3, "change_message": ""}}, {"model": "admin.logentry", "pk": 177, "fields": {"action_time": "2017-01-15T09:34:04.408Z", "user": 2, "content_type": 11, "object_id": "93", "object_repr": "student_two_present", "action_flag": 3, "change_message": ""}}, {"model": "admin.logentry", "pk": 178, "fields": {"action_time": "2017-01-15T09:34:04.699Z", "user": 2, "content_type": 11, "object_id": "92", "object_repr": "student_one_present", "action_flag": 3, "change_message": ""}}, {"model": "admin.logentry", "pk": 179, "fields": {"action_time": "2017-01-15T09:34:05.012Z", "user": 2, "content_type": 11, "object_id": "108", "object_repr": "john_snow_present", "action_flag": 3, "change_message": ""}}, {"model": "admin.logentry", "pk": 180, "fields": {"action_time": "2017-01-15T09:34:05.336Z", "user": 2, "content_type": 11, "object_id": "107", "object_repr": "meow_cat_absent", "action_flag": 3, "change_message": ""}}, {"model": "admin.logentry", "pk": 181, "fields": {"action_time": "2017-01-15T09:34:05.625Z", "user": 2, "content_type": 11, "object_id": "106", "object_repr": "new_Stud_absent", "action_flag": 3, "change_message": ""}}, {"model": "admin.logentry", "pk": 182, "fields": {"action_time": "2017-01-15T09:34:05.915Z", "user": 2, "content_type": 11, "object_id": "105", "object_repr": "beyonce_know_present", "action_flag": 3, "change_message": ""}}, {"model": "admin.logentry", "pk": 183, "fields": {"action_time": "2017-01-15T09:34:06.171Z", "user": 2, "content_type": 11, "object_id": "104", "object_repr": "jane_doe_present", "action_flag": 3, "change_message": ""}}, {"model": "admin.logentry", "pk": 184, "fields": {"action_time": "2017-01-15T09:34:06.439Z", "user": 2, "content_type": 11, "object_id": "103", "object_repr": "johnny_depp_absent", "action_flag": 3, "change_message": ""}}, {"model": "admin.logentry", "pk": 185, "fields": {"action_time": "2017-01-15T09:34:06.717Z", "user": 2, "content_type": 11, "object_id": "102", "object_repr": "aab_ccd_absent", "action_flag": 3, "change_message": ""}}, {"model": "admin.logentry", "pk": 186, "fields": {"action_time": "2017-01-15T09:34:06.975Z", "user": 2, "content_type": 11, "object_id": "118", "object_repr": "student_five_absent", "action_flag": 3, "change_message": ""}}, {"model": "admin.logentry", "pk": 187, "fields": {"action_time": "2017-01-15T09:34:07.552Z", "user": 2, "content_type": 11, "object_id": "117", "object_repr": "student_four_present", "action_flag": 3, "change_message": ""}}, {"model": "admin.logentry", "pk": 188, "fields": {"action_time": "2017-01-15T09:34:07.832Z", "user": 2, "content_type": 11, "object_id": "116", "object_repr": "student_three_absent", "action_flag": 3, "change_message": ""}}, {"model": "admin.logentry", "pk": 189, "fields": {"action_time": "2017-01-15T09:34:09.032Z", "user": 2, "content_type": 11, "object_id": "115", "object_repr": "student_two_absent", "action_flag": 3, "change_message": ""}}, {"model": "admin.logentry", "pk": 190, "fields": {"action_time": "2017-01-15T09:34:09.345Z", "user": 2, "content_type": 11, "object_id": "114", "object_repr": "student_one_absent", "action_flag": 3, "change_message": ""}}, {"model": "admin.logentry", "pk": 191, "fields": {"action_time": "2017-01-15T09:34:09.690Z", "user": 2, "content_type": 11, "object_id": "91", "object_repr": "student_five_absent", "action_flag": 3, "change_message": ""}}, {"model": "admin.logentry", "pk": 192, "fields": {"action_time": "2017-01-15T09:34:10.893Z", "user": 2, "content_type": 11, "object_id": "90", "object_repr": "student_four_present", "action_flag": 3, "change_message": ""}}, {"model": "admin.logentry", "pk": 193, "fields": {"action_time": "2017-01-15T09:34:11.183Z", "user": 2, "content_type": 11, "object_id": "89", "object_repr": "student_three_absent", "action_flag": 3, "change_message": ""}}, {"model": "admin.logentry", "pk": 194, "fields": {"action_time": "2017-01-15T09:34:11.472Z", "user": 2, "content_type": 11, "object_id": "88", "object_repr": "student_two_absent", "action_flag": 3, "change_message": ""}}, {"model": "admin.logentry", "pk": 195, "fields": {"action_time": "2017-01-15T09:34:11.751Z", "user": 2, "content_type": 11, "object_id": "87", "object_repr": "student_one_present", "action_flag": 3, "change_message": ""}}, {"model": "admin.logentry", "pk": 196, "fields": {"action_time": "2017-01-15T09:34:12.008Z", "user": 2, "content_type": 11, "object_id": "79", "object_repr": "cat_woman_absent", "action_flag": 3, "change_message": ""}}, {"model": "admin.logentry", "pk": 197, "fields": {"action_time": "2017-01-15T09:34:12.363Z", "user": 2, "content_type": 11, "object_id": "78", "object_repr": "super_man_absent", "action_flag": 3, "change_message": ""}}, {"model": "admin.logentry", "pk": 198, "fields": {"action_time": "2017-01-15T09:34:12.631Z", "user": 2, "content_type": 11, "object_id": "77", "object_repr": "bat_man_present", "action_flag": 3, "change_message": ""}}, {"model": "admin.logentry", "pk": 199, "fields": {"action_time": "2017-01-15T09:34:12.910Z", "user": 2, "content_type": 11, "object_id": "76", "object_repr": "garfield_cat_present", "action_flag": 3, "change_message": ""}}, {"model": "admin.logentry", "pk": 200, "fields": {"action_time": "2017-01-15T09:34:13.188Z", "user": 2, "content_type": 11, "object_id": "70", "object_repr": "student_five_absent", "action_flag": 3, "change_message": ""}}, {"model": "admin.logentry", "pk": 201, "fields": {"action_time": "2017-01-15T09:34:14.389Z", "user": 2, "content_type": 11, "object_id": "69", "object_repr": "student_four_absent", "action_flag": 3, "change_message": ""}}, {"model": "admin.logentry", "pk": 202, "fields": {"action_time": "2017-01-15T09:34:15.713Z", "user": 2, "content_type": 11, "object_id": "68", "object_repr": "student_three_absent", "action_flag": 3, "change_message": ""}}, {"model": "admin.logentry", "pk": 203, "fields": {"action_time": "2017-01-15T09:34:16.014Z", "user": 2, "content_type": 11, "object_id": "67", "object_repr": "student_two_present", "action_flag": 3, "change_message": ""}}, {"model": "admin.logentry", "pk": 204, "fields": {"action_time": "2017-01-15T09:34:16.305Z", "user": 2, "content_type": 11, "object_id": "66", "object_repr": "student_one_present", "action_flag": 3, "change_message": ""}}, {"model": "admin.logentry", "pk": 205, "fields": {"action_time": "2017-01-15T09:34:16.573Z", "user": 2, "content_type": 11, "object_id": "86", "object_repr": "john_snow_present", "action_flag": 3, "change_message": ""}}, {"model": "admin.logentry", "pk": 206, "fields": {"action_time": "2017-01-15T09:34:17.819Z", "user": 2, "content_type": 11, "object_id": "85", "object_repr": "meow_cat_present", "action_flag": 3, "change_message": ""}}, {"model": "admin.logentry", "pk": 207, "fields": {"action_time": "2017-01-15T09:34:18.998Z", "user": 2, "content_type": 11, "object_id": "84", "object_repr": "new_Stud_present", "action_flag": 3, "change_message": ""}}, {"model": "admin.logentry", "pk": 208, "fields": {"action_time": "2017-01-15T09:34:20.210Z", "user": 2, "content_type": 11, "object_id": "83", "object_repr": "beyonce_know_present", "action_flag": 3, "change_message": ""}}, {"model": "admin.logentry", "pk": 209, "fields": {"action_time": "2017-01-15T09:34:21.434Z", "user": 2, "content_type": 11, "object_id": "82", "object_repr": "jane_doe_present", "action_flag": 3, "change_message": ""}}, {"model": "admin.logentry", "pk": 210, "fields": {"action_time": "2017-01-15T09:34:22.714Z", "user": 2, "content_type": 11, "object_id": "81", "object_repr": "johnny_depp_present", "action_flag": 3, "change_message": ""}}, {"model": "admin.logentry", "pk": 211, "fields": {"action_time": "2017-01-15T09:34:23.926Z", "user": 2, "content_type": 11, "object_id": "80", "object_repr": "aab_ccd_present", "action_flag": 3, "change_message": ""}}, {"model": "admin.logentry", "pk": 212, "fields": {"action_time": "2017-01-15T09:34:25.138Z", "user": 2, "content_type": 11, "object_id": "75", "object_repr": "student_five_absent", "action_flag": 3, "change_message": ""}}, {"model": "admin.logentry", "pk": 213, "fields": {"action_time": "2017-01-15T09:34:26.350Z", "user": 2, "content_type": 11, "object_id": "74", "object_repr": "student_four_absent", "action_flag": 3, "change_message": ""}}, {"model": "admin.logentry", "pk": 214, "fields": {"action_time": "2017-01-15T09:34:27.597Z", "user": 2, "content_type": 11, "object_id": "73", "object_repr": "student_three_absent", "action_flag": 3, "change_message": ""}}, {"model": "admin.logentry", "pk": 215, "fields": {"action_time": "2017-01-15T09:34:28.775Z", "user": 2, "content_type": 11, "object_id": "72", "object_repr": "student_two_absent", "action_flag": 3, "change_message": ""}}, {"model": "admin.logentry", "pk": 216, "fields": {"action_time": "2017-01-15T09:34:29.977Z", "user": 2, "content_type": 11, "object_id": "71", "object_repr": "student_one_present", "action_flag": 3, "change_message": ""}}, {"model": "admin.logentry", "pk": 217, "fields": {"action_time": "2017-01-15T09:34:31.155Z", "user": 2, "content_type": 11, "object_id": "39", "object_repr": "student_five_absent", "action_flag": 3, "change_message": ""}}, {"model": "admin.logentry", "pk": 218, "fields": {"action_time": "2017-01-15T09:34:31.445Z", "user": 2, "content_type": 11, "object_id": "38", "object_repr": "student_four_present", "action_flag": 3, "change_message": ""}}, {"model": "admin.logentry", "pk": 219, "fields": {"action_time": "2017-01-15T09:34:31.679Z", "user": 2, "content_type": 11, "object_id": "37", "object_repr": "student_three_absent", "action_flag": 3, "change_message": ""}}, {"model": "admin.logentry", "pk": 220, "fields": {"action_time": "2017-01-15T09:34:31.936Z", "user": 2, "content_type": 11, "object_id": "36", "object_repr": "student_two_present", "action_flag": 3, "change_message": ""}}, {"model": "admin.logentry", "pk": 221, "fields": {"action_time": "2017-01-15T09:34:32.284Z", "user": 2, "content_type": 11, "object_id": "35", "object_repr": "student_one_absent", "action_flag": 3, "change_message": ""}}, {"model": "admin.logentry", "pk": 222, "fields": {"action_time": "2017-01-15T09:34:32.559Z", "user": 2, "content_type": 11, "object_id": "34", "object_repr": "john_snow_present", "action_flag": 3, "change_message": ""}}, {"model": "admin.logentry", "pk": 223, "fields": {"action_time": "2017-01-15T09:34:32.872Z", "user": 2, "content_type": 11, "object_id": "33", "object_repr": "meow_cat_present", "action_flag": 3, "change_message": ""}}, {"model": "admin.logentry", "pk": 224, "fields": {"action_time": "2017-01-15T09:34:33.173Z", "user": 2, "content_type": 11, "object_id": "32", "object_repr": "new_Stud_present", "action_flag": 3, "change_message": ""}}, {"model": "admin.logentry", "pk": 225, "fields": {"action_time": "2017-01-15T09:34:33.473Z", "user": 2, "content_type": 11, "object_id": "31", "object_repr": "beyonce_know_present", "action_flag": 3, "change_message": ""}}, {"model": "admin.logentry", "pk": 226, "fields": {"action_time": "2017-01-15T09:34:34.745Z", "user": 2, "content_type": 11, "object_id": "30", "object_repr": "jane_doe_absent", "action_flag": 3, "change_message": ""}}, {"model": "admin.logentry", "pk": 227, "fields": {"action_time": "2017-01-15T09:34:35.922Z", "user": 2, "content_type": 11, "object_id": "29", "object_repr": "johnny_depp_present", "action_flag": 3, "change_message": ""}}, {"model": "admin.logentry", "pk": 228, "fields": {"action_time": "2017-01-15T09:34:37.179Z", "user": 2, "content_type": 11, "object_id": "28", "object_repr": "aab_ccd_present", "action_flag": 3, "change_message": ""}}, {"model": "admin.logentry", "pk": 229, "fields": {"action_time": "2017-01-15T09:34:38.435Z", "user": 2, "content_type": 11, "object_id": "44", "object_repr": "student_five_absent", "action_flag": 3, "change_message": ""}}, {"model": "admin.logentry", "pk": 230, "fields": {"action_time": "2017-01-15T09:34:39.660Z", "user": 2, "content_type": 11, "object_id": "43", "object_repr": "student_four_present", "action_flag": 3, "change_message": ""}}, {"model": "admin.logentry", "pk": 231, "fields": {"action_time": "2017-01-15T09:34:40.883Z", "user": 2, "content_type": 11, "object_id": "42", "object_repr": "student_three_present", "action_flag": 3, "change_message": ""}}, {"model": "admin.logentry", "pk": 232, "fields": {"action_time": "2017-01-15T09:34:42.117Z", "user": 2, "content_type": 11, "object_id": "41", "object_repr": "student_two_present", "action_flag": 3, "change_message": ""}}, {"model": "admin.logentry", "pk": 233, "fields": {"action_time": "2017-01-15T09:34:42.596Z", "user": 2, "content_type": 11, "object_id": "40", "object_repr": "student_one_present", "action_flag": 3, "change_message": ""}}, {"model": "admin.logentry", "pk": 234, "fields": {"action_time": "2017-01-15T09:34:42.852Z", "user": 2, "content_type": 11, "object_id": "51", "object_repr": "john_snow_present", "action_flag": 3, "change_message": ""}}, {"model": "admin.logentry", "pk": 235, "fields": {"action_time": "2017-01-15T09:34:43.165Z", "user": 2, "content_type": 11, "object_id": "50", "object_repr": "meow_cat_present", "action_flag": 3, "change_message": ""}}, {"model": "admin.logentry", "pk": 236, "fields": {"action_time": "2017-01-15T09:34:43.421Z", "user": 2, "content_type": 11, "object_id": "49", "object_repr": "new_Stud_present", "action_flag": 3, "change_message": ""}}, {"model": "admin.logentry", "pk": 237, "fields": {"action_time": "2017-01-15T09:34:44.636Z", "user": 2, "content_type": 11, "object_id": "48", "object_repr": "beyonce_know_absent", "action_flag": 3, "change_message": ""}}, {"model": "admin.logentry", "pk": 238, "fields": {"action_time": "2017-01-15T09:34:45.825Z", "user": 2, "content_type": 11, "object_id": "47", "object_repr": "jane_doe_absent", "action_flag": 3, "change_message": ""}}, {"model": "admin.logentry", "pk": 239, "fields": {"action_time": "2017-01-15T09:34:47.015Z", "user": 2, "content_type": 11, "object_id": "46", "object_repr": "johnny_depp_absent", "action_flag": 3, "change_message": ""}}, {"model": "admin.logentry", "pk": 240, "fields": {"action_time": "2017-01-15T09:34:48.395Z", "user": 2, "content_type": 11, "object_id": "45", "object_repr": "aab_ccd_absent", "action_flag": 3, "change_message": ""}}, {"model": "admin.logentry", "pk": 241, "fields": {"action_time": "2017-01-15T17:07:47.798Z", "user": 2, "content_type": 12, "object_id": "3", "object_repr": "AttendanceCalendar object", "action_flag": 1, "change_message": "[{\"added\": {}}]"}}, {"model": "admin.logentry", "pk": 242, "fields": {"action_time": "2017-01-15T17:07:59.949Z", "user": 2, "content_type": 12, "object_id": "4", "object_repr": "AttendanceCalendar object", "action_flag": 1, "change_message": "[{\"added\": {}}]"}}, {"model": "admin.logentry", "pk": 243, "fields": {"action_time": "2017-01-16T01:40:55.039Z", "user": 2, "content_type": 12, "object_id": "5", "object_repr": "AttendanceCalendar object", "action_flag": 1, "change_message": "[{\"added\": {}}]"}}, {"model": "admin.logentry", "pk": 244, "fields": {"action_time": "2017-01-16T01:41:10.887Z", "user": 2, "content_type": 12, "object_id": "6", "object_repr": "AttendanceCalendar object", "action_flag": 1, "change_message": "[{\"added\": {}}]"}}, {"model": "admin.logentry", "pk": 245, "fields": {"action_time": "2017-01-16T01:41:27.227Z", "user": 2, "content_type": 12, "object_id": "7", "object_repr": "AttendanceCalendar object", "action_flag": 1, "change_message": "[{\"added\": {}}]"}}, {"model": "admin.logentry", "pk": 246, "fields": {"action_time": "2017-01-16T02:23:17.272Z", "user": 2, "content_type": 10, "object_id": "20", "object_repr": "john_door", "action_flag": 1, "change_message": "[{\"added\": {}}]"}}, {"model": "admin.logentry", "pk": 247, "fields": {"action_time": "2017-01-16T13:34:42.252Z", "user": 2, "content_type": 11, "object_id": "251", "object_repr": "beyonce_know_absent", "action_flag": 2, "change_message": "[{\"changed\": {\"fields\": [\"status\"]}}]"}}, {"model": "admin.logentry", "pk": 248, "fields": {"action_time": "2017-01-16T13:35:30.858Z", "user": 2, "content_type": 11, "object_id": "253", "object_repr": "meow_cat_present", "action_flag": 2, "change_message": "[{\"changed\": {\"fields\": [\"status\"]}}]"}}, {"model": "admin.logentry", "pk": 249, "fields": {"action_time": "2017-01-16T13:37:00.301Z", "user": 2, "content_type": 11, "object_id": "213", "object_repr": "john_snow_present", "action_flag": 2, "change_message": "[{\"changed\": {\"fields\": [\"status\"]}}]"}}]